parent_proto	instruction	op	destination_register	operand_namespace	operand_index	target_proto	target_params	target_upvalues	target_maxstack	capture_count	captures	status
17	67	NEWCLOSURE	39	child	0	0	1	1	5	1	0=REF:R21	PASS
17	69	NEWCLOSURE	40	child	1	1	0	9	9	9	0=REF:R29;1=VAL:R2;2=REF:R13;3=REF:R15;4=REF:R21;5=VAL:R33;6=REF:R12;7=REF:R14;8=VAL:R32	PASS
17	79	NEWCLOSURE	41	child	2	2	0	3	7	3	0=REF:R31;1=VAL:R10;2=REF:R30	PASS
17	83	NEWCLOSURE	42	child	3	3	0	6	5	6	0=REF:R30;1=REF:R31;2=REF:R11;3=VAL:R8;4=REF:R28;5=VAL:R10	PASS
17	90	NEWCLOSURE	43	child	4	4	0	4	5	4	0=REF:R17;1=REF:R31;2=REF:R34;3=VAL:R22	PASS
17	95	NEWCLOSURE	44	child	5	5	0	3	5	3	0=REF:R11;1=VAL:R9;2=VAL:R10	PASS
17	99	NEWCLOSURE	45	child	6	6	0	2	21	2	0=REF:R17;1=REF:R11	PASS
17	102	NEWCLOSURE	46	child	7	7	0	1	3	1	0=REF:R13	PASS
17	104	NEWCLOSURE	47	child	8	8	0	20	13	20	0=REF:R19;1=VAL:R3;2=REF:R18;3=VAL:R10;4=REF:R11;5=VAL:R9;6=REF:R21;7=REF:R38;8=REF:R27;9=VAL:R42;10=REF:R37;11=VAL:R44;12=REF:R23;13=VAL:R0;14=REF:R17;15=VAL:R45;16=VAL:R46;17=REF:R25;18=VAL:R1;19=REF:R15	PASS
17	125	NEWCLOSURE	20	child	9	9	1	4	5	4	0=REF:R19;1=REF:R11;2=VAL:R7;3=VAL:R47	PASS
17	130	NEWCLOSURE	48	child	10	10	1	19	8	19	0=REF:R11;1=REF:R17;2=REF:R12;3=REF:R13;4=REF:R14;5=REF:R15;6=REF:R16;7=REF:R18;8=REF:R34;9=REF:R26;10=VAL:R1;11=REF:R27;12=VAL:R4;13=REF:R24;14=VAL:R5;15=REF:R30;16=VAL:R8;17=REF:R20;18=VAL:R7	PASS
17	150	NEWCLOSURE	49	child	11	11	1	23	9	23	0=VAL:R48;1=REF:R19;2=REF:R17;3=REF:R20;4=REF:R25;5=VAL:R1;6=VAL:R6;7=REF:R31;8=REF:R34;9=VAL:R22;10=REF:R26;11=VAL:R40;12=VAL:R10;13=REF:R30;14=REF:R36;15=REF:R23;16=REF:R35;17=REF:R27;18=REF:R24;19=REF:R12;20=REF:R11;21=VAL:R9;22=VAL:R8	PASS
17	175	NEWCLOSURE	49	child	12	12	0	1	2	1	0=REF:R34	PASS
17	178	NEWCLOSURE	49	child	13	13	1	5	10	5	0=REF:R19;1=REF:R30;2=REF:R35;3=REF:R36;4=REF:R23	PASS
17	185	NEWCLOSURE	49	child	14	14	1	5	5	5	0=REF:R13;1=REF:R19;2=REF:R17;3=VAL:R1;4=VAL:R6	PASS
17	192	NEWCLOSURE	49	child	15	15	0	2	3	2	0=VAL:R1;1=REF:R13	PASS
17	196	NEWCLOSURE	49	child	16	16	0	2	3	2	0=VAL:R1;1=REF:R13	PASS
