verdict	sha256	copies	first_path	stock	profile	sites_or_error
ERROR	fc360b701aa11c13	4	repos\runtime\bootstrapper-runtime\RENOVICE_TOOLCHAIN\bin\injection\script-packages-work\CustomScripts\Inject\3333333333333333.Loose.target.addon.lua_B		None	cannot decompile C:\Users\Bartek\OneDrive\Dokumenter\Warframe RE PROJECT RENOVICE\repos\runtime\bootstrapper-runtime\RENOVICE_TOOLCHAIN\bin\injection\script-pac
ERROR	79d6d66fd70c4d1e	1	repos\runtime\bootstrapper-runtime\RENOVICE_TOOLCHAIN\bin\injection\script-packages-work\CustomScripts\Packages\Disabled\D.targets.addon.lua_B		None	cannot decompile C:\Users\Bartek\OneDrive\Dokumenter\Warframe RE PROJECT RENOVICE\repos\runtime\bootstrapper-runtime\RENOVICE_TOOLCHAIN\bin\injection\script-pac
ERROR	c7271122cf062de9	1	repos\runtime\bootstrapper-runtime\RENOVICE_TOOLCHAIN\bin\injection\script-packages-work\CustomScripts\Inject\LooseMulti.targets.addon.lua_B		None	cannot decompile C:\Users\Bartek\OneDrive\Dokumenter\Warframe RE PROJECT RENOVICE\repos\runtime\bootstrapper-runtime\RENOVICE_TOOLCHAIN\bin\injection\script-pac
ERROR	62f5dba5a6d8d68d	1	repos\runtime\bootstrapper-runtime\RENOVICE_TOOLCHAIN\bin\injection\script-packages-work\CustomScripts\Packages\ConflictLooseMulti\M.targets.addon.lua_B		None	cannot decompile C:\Users\Bartek\OneDrive\Dokumenter\Warframe RE PROJECT RENOVICE\repos\runtime\bootstrapper-runtime\RENOVICE_TOOLCHAIN\bin\injection\script-pac
MISSING		1	repos\runtime\bootstrapper-runtime\RENOVICE_TOOLCHAIN\bin\injection\script-packages-work\admit\CustomScripts\Packages\Missions\Missions.targets.addon.lua_B		None	
NO-INSTRUCTION-FILTER	e9c4d05a8874835e	3	repos\runtime\bootstrapper-runtime\RENOVICE_DEPLOYMENTS\NATIVE_HOOK_BUS_MALLET_POC_2026-08-24\rollback\08faf07b504d058f (Mallet target addon hooks POC 2026-08-24).lua_B	Lotus_Powersuits_Bard_Abilities_BardMusic.lua_B	u43	
NO-INSTRUCTION-FILTER	c6bd1e4b76014b17	1	repos\toolchains\de-luau-toolchain\stage\live_candidates\2026-08-23_mallet_cast_addon_dispatch\rollback\08faf07b504d058f (pre-addon-dispatch live).lua_B	Lotus_Powersuits_Bard_Abilities_BardMusic.lua_B	u43	
NO-INSTRUCTION-FILTER	a061d626ca257d31	5	repos\runtime\bootstrapper-runtime\RENOVICE_DEPLOYMENTS\ABILITY_IDENTITY_MATCHER_2026-08-24\rollback\08faf07b504d058f.MalletOverguardAndCard.before_ability_identity_matcher.target.addon.lua_B	Lotus_Powersuits_Bard_Abilities_BardMusic.lua_B	u43	
NO-INSTRUCTION-FILTER	af7b9369f48cb105	3	repos\runtime\bootstrapper-runtime\RENOVICE_DEPLOYMENTS\NATIVE_HOOK_BUS_MALLET_POC_2026-08-24\rollback\08faf07b504d058f.MalletOverguardAndCard.before_native_hook_bus.target.addon.lua_B	Lotus_Powersuits_Bard_Abilities_BardMusic.lua_B	u43	
NO-INSTRUCTION-FILTER	0f9cc1f99c70b6c6	5	repos\runtime\bootstrapper-runtime\RENOVICE_DEPLOYMENTS\MALLET_EXACT_PIPELINE_TRACE_2026-08-25\artifacts\08faf07b504d058f.MalletOverguardAndCard.exact-trace.target.addon.lua_B	Lotus_Powersuits_Bard_Abilities_BardMusic.lua_B	u43	
NO-INSTRUCTION-FILTER	e05953b5c801badf	6	repos\runtime\bootstrapper-runtime\RENOVICE_DEPLOYMENTS\CONTENT_KEYED_TARGET_DAMAGE_V39_2026-09-07\rollback\08faf07b504d058f.MalletOverguardAndCard.explicit-shim.target.addon.lua_B	Lotus_Powersuits_Bard_Abilities_BardMusic.lua_B	u43	
NO-INSTRUCTION-FILTER	3290241d7860b412	2	repos\runtime\bootstrapper-runtime\RENOVICE_DEPLOYMENTS\MALLET_LUA_ENTRY_THREAT_ARGUMENT_V62_2026-09-11\rollback\08faf07b504d058f.MalletOverguardAndCard.failed-export-wrapper.target.addon.lua_B	Lotus_Powersuits_Bard_Abilities_BardMusic.lua_B	u43	
NO-INSTRUCTION-FILTER	3f78b2741bbd31f2	2	repos\runtime\bootstrapper-runtime\RENOVICE_DEPLOYMENTS\ABILITY_IDENTITY_MATCHER_2026-08-24\staging\OpenWF\CustomScripts\Inject\08faf07b504d058f.MalletOverguardAndCard.target.addon.lua_B	Lotus_Powersuits_Bard_Abilities_BardMusic.lua_B	u43	
NO-INSTRUCTION-FILTER	31861e8fa146a050	2	repos\runtime\bootstrapper-runtime\RENOVICE_DEPLOYMENTS\ABILITY_MATCHED_DAMAGE_V41_2026-09-07\staging\OpenWF\CustomScripts\Inject\08faf07b504d058f.MalletOverguardAndCard.target.addon.lua_B	Lotus_Powersuits_Bard_Abilities_BardMusic.lua_B	u43	
NO-INSTRUCTION-FILTER	5fe6fb16bc5292ec	6	repos\runtime\bootstrapper-runtime\RENOVICE_DEPLOYMENTS\ACTIVE_CALL_STACK_V43_2026-09-07\staging\OpenWF\CustomScripts\Inject\08faf07b504d058f.MalletOverguardAndCard.target.addon.lua_B	Lotus_Powersuits_Bard_Abilities_BardMusic.lua_B	u43	
NO-INSTRUCTION-FILTER	f3a18474a7dd0c6a	3	repos\runtime\bootstrapper-runtime\RENOVICE_DEPLOYMENTS\ADDON_PERFORMANCE_V46_2026-09-07\staging\OpenWF\CustomScripts\Inject\08faf07b504d058f.MalletOverguardAndCard.target.addon.lua_B	Lotus_Powersuits_Bard_Abilities_BardMusic.lua_B	u43	
NO-INSTRUCTION-FILTER	75bb4231c6a2748c	7	repos\runtime\bootstrapper-runtime\RENOVICE_DEPLOYMENTS\EXACT_CALLINFO_AND_NATIVE_IDENTITY_V66_2026-09-13\rollback\OpenWF\CustomScripts\Inject\08faf07b504d058f.MalletOverguardAndCard.target.addon.lua_B	Lotus_Powersuits_Bard_Abilities_BardMusic.lua_B	u43	
NO-INSTRUCTION-FILTER	e73dc842ea503a24	7	repos\runtime\bootstrapper-runtime\RENOVICE_DEPLOYMENTS\LIVE_TOGGLE_AND_MALLET_RECOVERY_V29_2026-09-03\rollback\08faf07b504d058f.MalletOverguardAndCard.target.addon.lua_B	Lotus_Powersuits_Bard_Abilities_BardMusic.lua_B	u43	
NO-INSTRUCTION-FILTER	cad7a482e3a0b14a	3	repos\runtime\bootstrapper-runtime\RENOVICE_DEPLOYMENTS\MALLET_EXACT_PIPELINE_TRACE_2026-08-25\rollback\pre-exact-trace\08faf07b504d058f.MalletOverguardAndCard.target.addon.lua_B	Lotus_Powersuits_Bard_Abilities_BardMusic.lua_B	u43	
NO-INSTRUCTION-FILTER	1b77d1b0dba98b68	2	repos\runtime\bootstrapper-runtime\RENOVICE_DEPLOYMENTS\MALLET_EXPLICIT_HOOK_SHIM_2026-08-25\rollback\08faf07b504d058f.MalletOverguardAndCard.target.addon.lua_B	Lotus_Powersuits_Bard_Abilities_BardMusic.lua_B	u43	
NO-INSTRUCTION-FILTER	a6a1e9bd137abd37	8	repos\runtime\bootstrapper-runtime\RENOVICE_DEPLOYMENTS\NATIVE_MODULE_OWNER_PACKET_ROUTE_2026-08-25\rollback\pre-module-owner-route\OpenWF\CustomScripts\Inject\08faf07b504d058f.MalletOverguardAndCard.target.addon.lua_B	Lotus_Powersuits_Bard_Abilities_BardMusic.lua_B	u43	
NO-INSTRUCTION-FILTER	e72d331e52b70d60	2	repos\runtime\bootstrapper-runtime\RENOVICE_DEPLOYMENTS\NATIVE_TABLE_IDENTITY_AND_TYPE_RESOURCE_2026-08-24\rollback\guarded-original-table\08faf07b504d058f.MalletOverguardAndCard.target.addon.lua_B	Lotus_Powersuits_Bard_Abilities_BardMusic.lua_B	u43	
NO-INSTRUCTION-FILTER	e3d0b0da43d58faf	2	repos\runtime\bootstrapper-runtime\RENOVICE_DEPLOYMENTS\NATIVE_TABLE_IDENTITY_AND_TYPE_RESOURCE_2026-08-24\rollback\guardless-card-type-tag-gameplay\08faf07b504d058f.MalletOverguardAndCard.target.addon.lua_B	Lotus_Powersuits_Bard_Abilities_BardMusic.lua_B	u43	
NO-INSTRUCTION-FILTER	223007e2034b0905	3	repos\runtime\bootstrapper-runtime\RENOVICE_DEPLOYMENTS\NATIVE_TABLE_IDENTITY_AND_TYPE_RESOURCE_2026-08-24\rollback\OpenWF\CustomScripts\Inject\08faf07b504d058f.MalletOverguardAndCard.target.addon.lua_B	Lotus_Powersuits_Bard_Abilities_BardMusic.lua_B	u43	
NO-INSTRUCTION-FILTER	1ea3c7304aa257fe	2	repos\runtime\bootstrapper-runtime\RENOVICE_DEPLOYMENTS\NATIVE_TABLE_IDENTITY_AND_TYPE_RESOURCE_2026-08-24\rollback\pre-cross-vm-native-identity\08faf07b504d058f.MalletOverguardAndCard.target.addon.lua_B	Lotus_Powersuits_Bard_Abilities_BardMusic.lua_B	u43	
NO-INSTRUCTION-FILTER	6e1bed91f2d348ee	3	repos\runtime\bootstrapper-runtime\RENOVICE_DEPLOYMENTS\ABILITY_MATCHED_DAMAGE_V41_2026-09-07\rollback\08faf07b504d058f.MalletOverguardAndCard.v40.target.addon.lua_B	Lotus_Powersuits_Bard_Abilities_BardMusic.lua_B	u43	
NO-INSTRUCTION-FILTER	f8e9049fa2cc0cbd	2	work\staging\ability-editor\current\octavia_mallet_overguard\90E8BFA48E45\artifacts\08faf07b504d058f.octavia_mallet_overguard.target.addon.lua_B	Lotus_Powersuits_Bard_Abilities_BardMusic.lua_B	u43	
NO-INSTRUCTION-FILTER	7790599dc2ce36fd	8	repos\runtime\bootstrapper-runtime\RENOVICE_DEPLOYMENTS\EXACT_CALLINFO_AND_NATIVE_IDENTITY_V66_2026-09-13\rollback\OpenWF\CustomScripts\Inject\1e3647332a578b78.SurvivalTimers.target.addon.lua_B	Lotus_Scripts_Modes_SurvivalMission.lua_B	u43	
NO-INSTRUCTION-FILTER	25cd05fc50c53506	2	repos\runtime\bootstrapper-runtime\RENOVICE_DEPLOYMENTS\SURVIVAL_COROUTINE_RESUME_FIX_V61_2026-09-09\staging\1e3647332a578b78.SurvivalTimers.target.addon.lua_B	Lotus_Scripts_Modes_SurvivalMission.lua_B	u43	
NO-INSTRUCTION-FILTER	adef761299cd0b46	4	repos\runtime\bootstrapper-runtime\RENOVICE_DEPLOYMENTS\SURVIVAL_COROUTINE_RESUME_FIX_V61_2026-09-09\rollback\1e3647332a578b78.SurvivalTimers.target.addon.v60.lua_B	Lotus_Scripts_Modes_SurvivalMission.lua_B	u43	
NO-INSTRUCTION-FILTER	a60475c500fa1acf	3	repos\runtime\bootstrapper-runtime\RENOVICE_DEPLOYMENTS\MISSION_TIMER_AND_MALLET_LOS_RECOVERY_2026-09-11\evidence\superseded\303f809a05c1fbaa.ExcavationTimers.target.addon.lua_B	Lotus_Scripts_Modes_ExcavationMission.lua_B	u43	
NO-INSTRUCTION-FILTER	8af5aa5be4dc5bf3	2	repos\runtime\bootstrapper-runtime\RENOVICE_DEPLOYMENTS\MISSION_TIMER_AND_MALLET_LOS_RECOVERY_2026-09-11\rollback\OpenWF\CustomScripts\Inject\303f809a05c1fbaa.ExcavationTimers.target.addon.lua_B	Lotus_Scripts_Modes_ExcavationMission.lua_B	u43	
NO-INSTRUCTION-FILTER	33ffde3f58074664	1	work\staging\ability-editor\mission_excavation_timers_addon\A19358DCCAF7\artifacts\303f809a05c1fbaa.mission_excavation_timers_addon.target.addon.lua_B	Lotus_Scripts_Modes_ExcavationMission.lua_B	u43	
NO-INSTRUCTION-FILTER	543d13a1b34eb3a6	1	work\staging\ability-editor\mission_excavation_timers_addon\FF005C3BF3BA\artifacts\303f809a05c1fbaa.mission_excavation_timers_addon.target.addon.lua_B	Lotus_Scripts_Modes_ExcavationMission.lua_B	u43	
NO-INSTRUCTION-FILTER	8f417dc728d4ef42	8	repos\runtime\bootstrapper-runtime\RENOVICE_DEPLOYMENTS\CIRCUIT_PROGRESS_PREVIEW_X5_2026-09-12\artifact\5384d6f5377f7b27.CircuitProgressPreviewX5.target.addon.lua_B	Lotus_Interface_Libs_DuviriUtil.lua_B	u43	
NO-INSTRUCTION-FILTER	043176ecdeecf9a8	4	work\research\universal-mission-editor-2026-09-29\phase2e-sample\generation\artifacts\6fa60841c9e0f207.missions.target.addon.lua_B	Lotus_Scripts_Modes_Purgatory.lua_B	u44	
NO-INSTRUCTION-FILTER	65542a75ba2f25ba	3	repos\runtime\bootstrapper-runtime\RENOVICE_DEPLOYMENTS\MISSION_TIMER_AND_MALLET_LOS_RECOVERY_2026-09-11\staging\OpenWF\CustomScripts\Inject\89329f85c8575b84.Mobile_defenseTimers.target.addon.lua_B	Lotus_Scripts_MobileDefense.lua_B	u43	
NO-INSTRUCTION-FILTER	f4e8a45a019cd8e7	2	work\research\U44-2026-09-27\lua-port\staged\CustomScripts\Inject\95ef5b82a8400944.CircuitProgressPreviewX5.target.addon.lua_B	Lotus_Interface_Libs_DuviriUtil.lua_B	u44	
NO-INSTRUCTION-FILTER	313e785455b0ec1f	2	repos\runtime\bootstrapper-runtime\RENOVICE_SCRIPTING\CARD_UI\AbilityCards.addon.lua_B		None	
NO-INSTRUCTION-FILTER	a9497760c73e43f9	1	repos\toolchains\de-luau-toolchain\stage\live_candidates\2026-08-23_mallet_cast_addon_dispatch\BardMusic_mallet_addon_dispatch.card_ui.lua_B		None	
NO-INSTRUCTION-FILTER	b4677ff960fb3985	1	repos\toolchains\de-luau-toolchain\stage\live_candidates\2026-08-23_mallet_cast_addon_dispatch\BardMusic_mallet_addon_dispatch.lua_B		None	
NO-INSTRUCTION-FILTER	1a47938fde8faa48	1	repos\toolchains\de-luau-toolchain\stage\live_candidates\2026-08-24_mallet_target_scoped_addon_poc\BardMusic_target_addon_hooks.lua_B		None	
NO-INSTRUCTION-FILTER	81712e3e6ca95107	2	repos\runtime\bootstrapper-runtime\RENOVICE_DEPLOYMENTS\2026-08-23_f9_shared_t_bridge\rollback\MalletFlat30000Overguard.addon.lua_B		None	
NO-INSTRUCTION-FILTER	398da02c4100199e	1	repos\runtime\bootstrapper-runtime\RENOVICE_DEPLOYMENTS\2026-08-23_mallet_addon_diagnosis\rollback\MalletFlat30000Overguard.addon.lua_B		None	
NO-INSTRUCTION-FILTER	8886f9fb188b036c	2	repos\runtime\bootstrapper-runtime\RENOVICE_LIVE_TESTS\MALLET_CAST_ADDON_2026-08-23\MalletFlat30000Overguard.addon.lua_B		None	
NO-INSTRUCTION-FILTER	de2f462570f380ce	1	repos\runtime\bootstrapper-runtime\RENOVICE_DEPLOYMENTS\2026-08-23_f9_loaded_module_refresh\rollback\MalletFlat30000Overguard.pre-_T.addon.lua_B		None	
NO-INSTRUCTION-FILTER	00da193d03d43472	13	work\research\universal-mission-editor-2026-09-29\phase2g-sample\generation\artifacts\Missions.targets.addon.lua_B		None	
NO-INSTRUCTION-FILTER	54a425f800ad79dd	2	work\staging\aer44\sample2b-probe\missions\81D1E67B78DE\artifacts\Missions.targets.addon.lua_B		None	
NO-INSTRUCTION-FILTER	379184bdbdbfbb9b	2	work\staging\aer44\sample2d-probe\missions\4986D3ED4E8F\artifacts\Missions.targets.addon.lua_B		None	
NO-INSTRUCTION-FILTER	e4407e051a04af97	3	repos\runtime\bootstrapper-runtime\RENOVICE_TOOLCHAIN\bin\injection\MultiTargetFixture.targets.addon.u44.lua_B		None	
NO-INSTRUCTION-FILTER	76857273f36a539b	2	repos\runtime\bootstrapper-runtime\RENOVICE_TOOLCHAIN\bin\injection\MultiTargetProbe.targets.addon.lua_B		None	
NO-INSTRUCTION-FILTER	9f43659050a72cb8	1	work\staging\octavia-float-addon-test-2026-08-27\OctaviaFloatTest.addon.lua_B		None	
NO-INSTRUCTION-FILTER	992f250821f43560	1	repos\runtime\bootstrapper-runtime\RENOVICE_LIVE_TESTS\F9_TRANSACTION_2026-08-23\crash_live_payload\RenoviceLifecycleTest.addon.lua_B		None	
NO-INSTRUCTION-FILTER	e802edb863ccfc9a	8	repos\runtime\bootstrapper-runtime\RENOVICE_DEPLOYMENTS\EXACT_CALLINFO_AND_NATIVE_IDENTITY_V66_2026-09-13\rollback\OpenWF\CustomScripts\Inject\a51e98a1833bd8c1.InterceptionTimers.target.addon.lua_B	Lotus_Scripts_Modes_TerritoryMission.lua_B	u43	
NO-INSTRUCTION-FILTER	5c1f441fce9bcdb3	4	repos\runtime\bootstrapper-runtime\RENOVICE_DEPLOYMENTS\INTERCEPTION_SCORING_GUARD_FIX_2026-09-11\rollback\OpenWF\CustomScripts\Inject\a51e98a1833bd8c1.InterceptionTimers.target.addon.lua_B	Lotus_Scripts_Modes_TerritoryMission.lua_B	u43	
NO-INSTRUCTION-FILTER	ae7fec27d48576a8	2	repos\runtime\bootstrapper-runtime\RENOVICE_DEPLOYMENTS\CIRCUIT_PROGRESS_PREVIEW_X5_2026-09-12\verification\addon.stable-pass1.lua_B		None	
NO-INSTRUCTION-FILTER	56f8aac0b00383c0	2	work\staging\ability-editor\mission_control_area_plains_timers_addon\755257A25602\artifacts\bf3c901cb4058c47.mission_control_area_plains_timers_addon.target.addon.lua_B	Lotus_Scripts_Eidolon_Encounters_DynamicDefend.lua_B	u43	
NO-INSTRUCTION-FILTER	4b430155c7df872c	1	work\staging\control-area\mission_control_area_plains_timers_addon\2ABF87D4443F\artifacts\bf3c901cb4058c47.mission_control_area_plains_timers_addon.target.addon.lua_B	Lotus_Scripts_Eidolon_Encounters_DynamicDefend.lua_B	u43	
NO-INSTRUCTION-FILTER	b436b712d294e8a2	7	work\research\U44-2026-09-27\lua-port\staged\CustomScripts\Inject\c9605470a8c47d8d.InterceptionTimers.target.addon.lua_B	Lotus_Scripts_Modes_TerritoryMission.lua_B	u44	
NO-INSTRUCTION-FILTER	228754af891c5a9a	4	work\research\universal-mission-editor-2026-09-29\phase2e-sample\generation\artifacts\caec63d8e739b693.missions.target.addon.lua_B	Lotus_Scripts_Modes_HalloweenLanternEndless.lua_B	u44	
NO-INSTRUCTION-FILTER	b6e97be6dfedee14	2	work\staging\ability-editor\mission_control_area_deimos_timers_addon\4978B935FFB0\artifacts\d9541341dfd466a3.mission_control_area_deimos_timers_addon.target.addon.lua_B	Lotus_Scripts_InfestedMicroplanet_Encounters_DynamicAreaDefense.lua_B	u43	
NO-INSTRUCTION-FILTER	8511a9bebfd63461	1	work\staging\control-area\mission_control_area_deimos_timers_addon\338D2EBD881D\artifacts\d9541341dfd466a3.mission_control_area_deimos_timers_addon.target.addon.lua_B	Lotus_Scripts_InfestedMicroplanet_Encounters_DynamicAreaDefense.lua_B	u43	
NO-INSTRUCTION-FILTER	6b4e432527ccf780	3	work\staging\ability-editor\mission_control_area_nokko_timers_addon\4F40F087D594\artifacts\e192d5cc2f37056e.mission_control_area_nokko_timers_addon.target.addon.lua_B	Lotus_Scripts_Venus_NokkoColony_Encounters_AreaDefense.lua_B	u43	
NO-INSTRUCTION-FILTER	abe86e692cc12726	1	work\staging\ability-editor\mission_control_area_nokko_timers_addon\C90F44182142\artifacts\e192d5cc2f37056e.mission_control_area_nokko_timers_addon.target.addon.lua_B	Lotus_Scripts_Venus_NokkoColony_Encounters_AreaDefense.lua_B	u43	
NO-INSTRUCTION-FILTER	2755595ac871d5d0	1	work\staging\control-area\mission_control_area_nokko_timers_addon\543DDE1076CF\artifacts\e192d5cc2f37056e.mission_control_area_nokko_timers_addon.target.addon.lua_B	Lotus_Scripts_Venus_NokkoColony_Encounters_AreaDefense.lua_B	u43	
NO-INSTRUCTION-FILTER	b19618d37ac2a09f	1	work\research\U44-2026-09-27\lua-port\staged\CustomScripts\Inject\ec368d4901690a15.MalletOverguardAndCard.target.addon.lua_B	Lotus_Powersuits_Bard_Abilities_BardMusic.lua_B	u44	
NO-INSTRUCTION-FILTER	0b70d9db27c38e23	1	work\research\U44-2026-09-27\lua-port\staged\CustomScripts\Inject\f10a043e7f825db2.SurvivalTimers.target.addon.lua_B	Lotus_Scripts_Modes_SurvivalMission.lua_B	u44	
NO-INSTRUCTION-FILTER	b7590c6990a64c47	6	work\staging\ability-editor-u44-tests\mission_survival_timers_addon\4880184062D6\artifacts\f10a043e7f825db2.mission_survival.target.addon.lua_B	Lotus_Scripts_Modes_SurvivalMission.lua_B	u44	
NO-INSTRUCTION-FILTER	5b2aae27a4efadab	3	work\research\universal-mission-editor-2026-09-29\phase2b-sample\generation\artifacts\f10a043e7f825db2.missions.target.addon.lua_B	Lotus_Scripts_Modes_SurvivalMission.lua_B	u44	
NO-INSTRUCTION-FILTER	cef8808f993059f4	7	work\research\universal-mission-editor-2026-09-29\phase2e-sample\generation\artifacts\f10a043e7f825db2.missions.target.addon.lua_B	Lotus_Scripts_Modes_SurvivalMission.lua_B	u44	
NO-INSTRUCTION-FILTER	0dcb62ddf3642bed	3	work\staging\aer44\sample2d\missions\654E373F0411\artifacts\fc711ff621a75552.missions.target.addon.lua_B	Lotus_Scripts_Modes_ZarimanCorruptionMission.lua_B	u44	
NO-INSTRUCTION-FILTER	6406ccd454c00300	1	repos\runtime\bootstrapper-runtime\RENOVICE_DEPLOYMENTS\TARGET_SCOPED_MALLET_ADDON_POC_2026-08-24\rollback\target_addon_exact_env_t_bridge_failed_live.lua_B		None	
OFF-BY-ONE	cabfd1489fe5bf59	3	repos\runtime\bootstrapper-runtime\RENOVICE_DEPLOYMENTS\EXACT_DAMAGE_BATCH_AND_CALLSITE_V47_2026-09-07\staging\OpenWF\CustomScripts\Inject\08faf07b504d058f.MalletOverguardAndCard.target.addon.lua_B	Lotus_Powersuits_Bard_Abilities_BardMusic.lua_B	u43	transformFloatArgument p16/i596=OFF-BY-ONE
OFF-BY-ONE	2484605913bf1e1e	2	repos\runtime\bootstrapper-runtime\RENOVICE_DEPLOYMENTS\LOW_LEVEL_NATIVE_HOOKS_IMMEDIATE_DAMAGE_V49_2026-09-07\staging\OpenWF\CustomScripts\Inject\08faf07b504d058f.MalletOverguardAndCard.target.addon.lua_B	Lotus_Powersuits_Bard_Abilities_BardMusic.lua_B	u43	nativeCalls.PushFloatArg.before p16/i596=OFF-BY-ONE
OFF-BY-ONE	77b467e66cb736b0	2	repos\runtime\bootstrapper-runtime\RENOVICE_DEPLOYMENTS\MALLET_CALLBACK_RETURN_STATE_TRACE_V55_2026-09-08\staging\OpenWF\CustomScripts\Inject\08faf07b504d058f.MalletOverguardAndCard.target.addon.lua_B	Lotus_Powersuits_Bard_Abilities_BardMusic.lua_B	u43	nativeCalls.PushFloatArg.before p16/i596=OFF-BY-ONE
OFF-BY-ONE	45560bcfa715fc6a	2	repos\runtime\bootstrapper-runtime\RENOVICE_DEPLOYMENTS\MALLET_CANONICAL_TARGET_STATE_FILTER_V56_2026-09-08\staging\OpenWF\CustomScripts\Inject\08faf07b504d058f.MalletOverguardAndCard.target.addon.lua_B	Lotus_Powersuits_Bard_Abilities_BardMusic.lua_B	u43	nativeCalls.PushFloatArg.before p16/i596=OFF-BY-ONE
OFF-BY-ONE	c25583684e59c7ab	2	repos\runtime\bootstrapper-runtime\RENOVICE_DEPLOYMENTS\MALLET_COVER_BYPASS_ADDON_2026-09-09\staging\OpenWF\CustomScripts\Inject\08faf07b504d058f.MalletOverguardAndCard.target.addon.lua_B	Lotus_Powersuits_Bard_Abilities_BardMusic.lua_B	u43	nativeCalls.PushFloatArg.before p16/i596=OFF-BY-ONE; nativeCalls.RadialDamage.before p16/i576=OFF-BY-ONE
OFF-BY-ONE	95a13ede7b48cbef	1	repos\runtime\bootstrapper-runtime\RENOVICE_DEPLOYMENTS\MALLET_DEAD_VICTIM_FILTER_V52_2026-09-08\staging\OpenWF\CustomScripts\Inject\08faf07b504d058f.MalletOverguardAndCard.target.addon.lua_B	Lotus_Powersuits_Bard_Abilities_BardMusic.lua_B	u43	nativeCalls.PushFloatArg.before p16/i596=OFF-BY-ONE
OFF-BY-ONE	36d2e3ec21e5879f	9	repos\runtime\bootstrapper-runtime\RENOVICE_DEPLOYMENTS\LOG_DIRECTORY_LAYOUT_V59_2026-09-09\baseline\08faf07b504d058f.MalletOverguardAndCard.v57.target.addon.lua_B	Lotus_Powersuits_Bard_Abilities_BardMusic.lua_B	u43	nativeCalls.PushFloatArg.before p16/i596=OFF-BY-ONE
OFF-BY-ONE	c20abb37684d1e09	2	work\staging\ability-editor-v49-contract\octavia_mallet_overguard\70FB1481AE7C\artifacts\08faf07b504d058f.octavia_mallet_overguard.target.addon.lua_B	Lotus_Powersuits_Bard_Abilities_BardMusic.lua_B	u43	nativeCalls.PushFloatArg.before p16/i596=OFF-BY-ONE
OFF-BY-ONE	b27785fcc2afcd0b	1	work\staging\callsite-audit-2026-09-29\editor-negative-build\octavia_mallet_overguard\3EDF45FEB031\artifacts\08faf07b504d058f.octavia_mallet_overguard.target.addon.lua_B	Lotus_Powersuits_Bard_Abilities_BardMusic.lua_B	u43	transformFloatArgument p16/i596=OFF-BY-ONE
OFF-BY-ONE	86eacb891078aeb4	3	work\research\U44-2026-09-27\lua-port\staged\CustomScripts\Inject\64d11e6973afa4b1.EliteSanctuaryNoRank.target.addon.lua_B	Lotus_Interface_MissionRequirementUtilities.lua_B	u44	nativeCalls.BuildMissionForLocation.after p25/i10=OFF-BY-ONE
OFF-BY-ONE	8a36a4db639f21df	2	repos\runtime\bootstrapper-runtime\RENOVICE_DEPLOYMENTS\MISSION_TIMER_AND_MALLET_LOS_RECOVERY_2026-09-11\rollback\OpenWF\CustomScripts\Inject\89329f85c8575b84.Mobile_defenseTimers.target.addon.lua_B	Lotus_Scripts_MobileDefense.lua_B	u43	nativeCalls.GetNetPersistentVar.after p22/i139=OFF-BY-ONE
OFF-BY-ONE	8628d971355048df	2	work\staging\ability-editor\mission_mobile_defense_timers_addon\040954D56483\artifacts\89329f85c8575b84.mission_mobile_defense_timers_addon.target.addon.lua_B	Lotus_Scripts_MobileDefense.lua_B	u43	nativeCalls.GetNetPersistentVar.after p22/i139=OFF-BY-ONE
OFF-BY-ONE	7eb86d96e20c79c1	2	repos\runtime\bootstrapper-runtime\RENOVICE_DEPLOYMENTS\ELITE_SANCTUARY_NO_RANK_ADDON_2026-09-12\artifact\9dfe563d26eb6527.EliteSanctuaryNoRank.target.addon.lua_B	Lotus_Interface_MissionRequirementUtilities.lua_B	u43	nativeCalls.BuildMissionForLocation.after p25/i10=OFF-BY-ONE
OFF-BY-ONE	19d8b54af74f5d8a	8	repos\runtime\bootstrapper-runtime\RENOVICE_DEPLOYMENTS\ELITE_SANCTUARY_NO_RANK_CALLSITE_FIX_2026-09-13\artifact\9dfe563d26eb6527.EliteSanctuaryNoRank.target.addon.lua_B	Lotus_Interface_MissionRequirementUtilities.lua_B	u43	nativeCalls.BuildMissionForLocation.after p25/i10=OFF-BY-ONE
OFF-BY-ONE	ecc382d46973fb54	2	repos\runtime\bootstrapper-runtime\RENOVICE_LIVE_TESTS\F9_CHANGED_GENERATION_V72_2026-09-14\candidate\9dfe563d26eb6527.EliteSanctuaryNoRank.target.addon.lua_B	Lotus_Interface_MissionRequirementUtilities.lua_B	u43	nativeCalls.BuildMissionForLocation.after p25/i10=OFF-BY-ONE
OFF-BY-ONE	d3bbd1272ec0d121	3	repos\apps\ability-editor\RESEARCH\U44_AUTHORING_2026-09-27\artifacts\ec368d4901690a15.MalletOverguardAndCard.target.addon.lua_B	Lotus_Powersuits_Bard_Abilities_BardMusic.lua_B	u44	nativeCalls.PushFloatArg.before p16/i597=OFF-BY-ONE
OFF-BY-ONE	0acbfea23262dc6d	2	repos\runtime\bootstrapper-runtime\RESEARCH\LOADOUT_NATIVE_HOOK_CONFLICT_2026-09-27\artifacts\ec368d4901690a15.MalletOverguardAndCard.target.addon.lua_B	Lotus_Powersuits_Bard_Abilities_BardMusic.lua_B	u44	transformFloatArgument p16/i597=OFF-BY-ONE
OK	bdcfab8ee12b20f8	2	work\staging\callsite-audit-2026-09-29\editor-example-build\octavia_mallet_overguard\539A2A1BE8B7\artifacts\08faf07b504d058f.octavia_mallet_overguard.target.addon.lua_B	Lotus_Powersuits_Bard_Abilities_BardMusic.lua_B	u43	transformFloatArgument p16/i595=OK
OK	4e6d5b7133017e60	1	work\staging\elite-sanctuary-fix\64d11e6973afa4b1.EliteSanctuaryNoRank.target.addon.lua_B	Lotus_Interface_MissionRequirementUtilities.lua_B	u44	nativeCalls.BuildMissionForLocation.after p25/i9=OK; nativeCalls.BuildMissionForLocation.after p21/i324=OK
OK	78fe0410ba34b056	3	repos\apps\ability-editor\RESEARCH\ICE_WAVE_BONUS_10_2026-09-27\artifacts\8fba3a28f8fef624.IceWaveColdStackDamage.target.addon.lua_B	Lotus_Powersuits_Frost_Abilities_IceSpike.lua_B	u44	nativeCalls.SetBaseAmount.before p7/i42=OK; nativeCalls.SetSource.before p7/i53=OK; nativeCalls.DamageDD.before p7/i65=OK; nativeCalls.DamageDD.after p7/i65=OK
OK	dcedc4a2d11cd2d7	4	repos\apps\ability-editor\RESEARCH\ICE_WAVE_BONUS_50_2026-09-27\artifacts\8fba3a28f8fef624.IceWaveColdStackDamage.target.addon.lua_B	Lotus_Powersuits_Frost_Abilities_IceSpike.lua_B	u44	nativeCalls.SetBaseAmount.before p7/i42=OK; nativeCalls.SetSource.before p7/i53=OK; nativeCalls.DamageDD.before p7/i65=OK; nativeCalls.DamageDD.after p7/i65=OK
OK	945881d62f376d73	1	work\research\U44-2026-09-27\lua-port\staged\CustomScripts\Inject\8fba3a28f8fef624.IceWaveColdStackDamage.target.addon.lua_B	Lotus_Powersuits_Frost_Abilities_IceSpike.lua_B	u44	nativeCalls.SetBaseAmount.before p7/i42=OK; nativeCalls.SetSource.before p7/i53=OK; nativeCalls.DamageDD.before p7/i65=OK; nativeCalls.DamageDD.after p7/i65=OK
OK	22e0cb4972f81050	2	work\staging\mallet-threat-fix\ec368d4901690a15.MalletOverguardAndCard.target.addon.lua_B	Lotus_Powersuits_Bard_Abilities_BardMusic.lua_B	u44	transformFloatArgument p16/i596=OK
OK	8b602693d395b1e6	4	repos\runtime\bootstrapper-runtime\RENOVICE_DEPLOYMENTS\ICE_WAVE_DE_VM_FINITE_GUARD_V71_2026-09-14\rollback\f62b70b45fc7fdf9.IceWaveColdStackDamage.target.addon.V70.lua_B	Lotus_Powersuits_Frost_Abilities_IceSpike.lua_B	u43	nativeCalls.SetBaseAmount.before p7/i41=OK; nativeCalls.DamageDD.before p7/i64=OK; nativeCalls.DamageDD.after p7/i64=OK
OK	ecf1a98f720feff4	2	repos\runtime\bootstrapper-runtime\RENOVICE_DEPLOYMENTS\ICE_WAVE_NUMERIC_BASELINE_RESTORE_V73_2026-09-14\rollback\f62b70b45fc7fdf9.IceWaveColdStackDamage.target.addon.V72.lua_B	Lotus_Powersuits_Frost_Abilities_IceSpike.lua_B	u43	nativeCalls.SetBaseAmount.before p7/i41=OK; nativeCalls.DamageDD.before p7/i64=OK; nativeCalls.DamageDD.after p7/i64=OK
OK	8000a06cd5e84272	2	repos\runtime\bootstrapper-runtime\RENOVICE_DEPLOYMENTS\COMBAT_BATTLE_LOG_V74_2026-09-14\rollback\f62b70b45fc7fdf9.IceWaveColdStackDamage.target.addon.V73.lua_B	Lotus_Powersuits_Frost_Abilities_IceSpike.lua_B	u43	nativeCalls.SetBaseAmount.before p7/i41=OK; nativeCalls.DamageDD.before p7/i64=OK; nativeCalls.DamageDD.after p7/i64=OK
OK	be8414c6c2309528	6	repos\runtime\bootstrapper-runtime\RENOVICE_DEPLOYMENTS\AUTOMATIC_DAMAGE_LIFECYCLE_FIX_V78_2026-09-15\artifact\f62b70b45fc7fdf9.IceWaveColdStackDamage.target.addon.lua_B	Lotus_Powersuits_Frost_Abilities_IceSpike.lua_B	u43	nativeCalls.SetBaseAmount.before p7/i41=OK; nativeCalls.DamageDD.before p7/i64=OK; nativeCalls.DamageDD.after p7/i64=OK
OK	4a037bf2f6fd13d6	5	repos\runtime\bootstrapper-runtime\RENOVICE_DEPLOYMENTS\EXACT_CALLINFO_AND_NATIVE_IDENTITY_V66_2026-09-13\rollback\OpenWF\CustomScripts\Inject\f62b70b45fc7fdf9.IceWaveColdStackDamage.target.addon.lua_B	Lotus_Powersuits_Frost_Abilities_IceSpike.lua_B	u43	nativeCalls.DamageDD.before p7/i64=OK
OK	7973eebbe5788079	2	repos\runtime\bootstrapper-runtime\RENOVICE_DEPLOYMENTS\F9_ROOT_REACTIVATION_AND_ICE_WAVE_PACKET_BASELINE_V68_2026-09-13\artifact\f62b70b45fc7fdf9.IceWaveColdStackDamage.target.addon.lua_B	Lotus_Powersuits_Frost_Abilities_IceSpike.lua_B	u43	nativeCalls.DamageDD.before p7/i64=OK; nativeCalls.DamageDD.after p7/i64=OK
OK	75e70e9e015d6448	2	repos\runtime\bootstrapper-runtime\RENOVICE_DEPLOYMENTS\F9_ROOT_REACTIVATION_AND_ICE_WAVE_PACKET_BASELINE_V68_2026-09-13\rollback\f62b70b45fc7fdf9.IceWaveColdStackDamage.target.addon.lua_B	Lotus_Powersuits_Frost_Abilities_IceSpike.lua_B	u43	nativeCalls.DamageDD.before p7/i64=OK; nativeCalls.DamageDD.after p7/i64=OK
OK	36f1d3e6cc4df178	3	repos\runtime\bootstrapper-runtime\RENOVICE_DEPLOYMENTS\F9_UNCHANGED_MANAGED_GENERATION_REUSE_V67_2026-09-13\rollback\OpenWF\CustomScripts\Inject\f62b70b45fc7fdf9.IceWaveColdStackDamage.target.addon.lua_B	Lotus_Powersuits_Frost_Abilities_IceSpike.lua_B	u43	nativeCalls.DamageDD.before p7/i64=OK
OK	4939aef25c10fac7	2	repos\runtime\bootstrapper-runtime\RENOVICE_DEPLOYMENTS\ICE_WAVE_AUTHORITATIVE_BATCH_AND_HOST_TRACE_V69_2026-09-13\artifact\f62b70b45fc7fdf9.IceWaveColdStackDamage.target.addon.lua_B	Lotus_Powersuits_Frost_Abilities_IceSpike.lua_B	u43	nativeCalls.DamageDD.before p7/i64=OK; nativeCalls.DamageDD.after p7/i64=OK
OK	10a5c33a74b60811	2	repos\runtime\bootstrapper-runtime\RENOVICE_DEPLOYMENTS\ICE_WAVE_BASE_3X_PER_STACK_V99_2026-09-16\artifact\f62b70b45fc7fdf9.IceWaveColdStackDamage.target.addon.lua_B	Lotus_Powersuits_Frost_Abilities_IceSpike.lua_B	u43	nativeCalls.SetBaseAmount.before p7/i41=OK; nativeCalls.SetSource.before p7/i52=OK; nativeCalls.DamageDD.before p7/i64=OK; nativeCalls.DamageDD.after p7/i64=OK
OK	886142c10441e811	3	repos\runtime\bootstrapper-runtime\RENOVICE_DEPLOYMENTS\ICE_WAVE_DE_VM_FINITE_GUARD_V71_2026-09-14\artifact\f62b70b45fc7fdf9.IceWaveColdStackDamage.target.addon.lua_B	Lotus_Powersuits_Frost_Abilities_IceSpike.lua_B	u43	nativeCalls.SetBaseAmount.before p7/i41=OK; nativeCalls.DamageDD.before p7/i64=OK; nativeCalls.DamageDD.after p7/i64=OK
OK	d24673ae0485c968	1	repos\runtime\bootstrapper-runtime\RENOVICE_DEPLOYMENTS\ICE_WAVE_NATIVE_CARD_V91_2026-09-16\artifact\f62b70b45fc7fdf9.IceWaveColdStackDamage.target.addon.lua_B	Lotus_Powersuits_Frost_Abilities_IceSpike.lua_B	u43	nativeCalls.SetBaseAmount.before p7/i41=OK; nativeCalls.SetSource.before p7/i52=OK; nativeCalls.DamageDD.before p7/i64=OK; nativeCalls.DamageDD.after p7/i64=OK
OK	6433e834c3bfa8f7	2	repos\runtime\bootstrapper-runtime\RENOVICE_DEPLOYMENTS\ICE_WAVE_PER_CALL_RESTORE_FIX_2026-09-13\artifact\f62b70b45fc7fdf9.IceWaveColdStackDamage.target.addon.lua_B	Lotus_Powersuits_Frost_Abilities_IceSpike.lua_B	u43	nativeCalls.DamageDD.before p7/i64=OK; nativeCalls.DamageDD.after p7/i64=OK
OK	da1938ae1e2394d0	2	repos\runtime\bootstrapper-runtime\RENOVICE_DEPLOYMENTS\ICE_WAVE_PER_CALL_RESTORE_FIX_2026-09-13\rollback\f62b70b45fc7fdf9.IceWaveColdStackDamage.target.addon.lua_B	Lotus_Powersuits_Frost_Abilities_IceSpike.lua_B	u43	nativeCalls.DamageDD.before p7/i64=OK
OK	05478f55d2994540	2	repos\runtime\bootstrapper-runtime\RENOVICE_DEPLOYMENTS\ICE_WAVE_PROVIDER_ERROR_VALUE_TRACE_2026-09-13\rollback\f62b70b45fc7fdf9.IceWaveColdStackDamage.target.addon.lua_B	Lotus_Powersuits_Frost_Abilities_IceSpike.lua_B	u43	nativeCalls.DamageDD.before p7/i64=OK
OK	47be0645ce804ba5	1	repos\runtime\bootstrapper-runtime\RENOVICE_DEPLOYMENTS\ICE_WAVE_STRENGTH_PER_STACK_V81_2026-09-15\artifact\f62b70b45fc7fdf9.IceWaveColdStackDamage.target.addon.lua_B	Lotus_Powersuits_Frost_Abilities_IceSpike.lua_B	u43	nativeCalls.SetBaseAmount.before p7/i41=OK; nativeCalls.SetSource.before p7/i52=OK; nativeCalls.DamageDD.before p7/i64=OK; nativeCalls.DamageDD.after p7/i64=OK
OK	a3414125269ede5a	2	repos\runtime\bootstrapper-runtime\RENOVICE_DEPLOYMENTS\UNIVERSAL_COMBAT_METER_ICE_WAVE_2026-09-13\artifact\f62b70b45fc7fdf9.IceWaveColdStackDamage.target.addon.lua_B	Lotus_Powersuits_Frost_Abilities_IceSpike.lua_B	u43	nativeCalls.DamageDD.before p7/i64=OK; nativeCalls.DamageDD.after p7/i64=OK
UNRESOLVED	e51a559a6df98ae3	4	repos\runtime\bootstrapper-runtime\RENOVICE_DEPLOYMENTS\MALLET_CALLBACK_OBJECT_IDENTITY_V51_2026-09-08\baseline\Mallet.v50.target.addon.lua_B		None	nativeCalls.PushFloatArg.before p16/i596=UNRESOLVED
UNRESOLVED	87498df37ac94dff	2	repos\runtime\bootstrapper-runtime\RENOVICE_DEPLOYMENTS\MALLET_CALLBACK_TARGET_STATE_TRACE_V54_2026-09-08\rollback\Mallet.v53.target.addon.lua_B		None	nativeCalls.PushFloatArg.before p16/i596=UNRESOLVED
UNRESOLVED	75657872eabefa5f	2	repos\runtime\bootstrapper-runtime\RENOVICE_DEPLOYMENTS\MALLET_CALLBACK_RETURN_STATE_TRACE_V55_2026-09-08\rollback\Mallet.v54.target.addon.lua_B		None	nativeCalls.PushFloatArg.before p16/i596=UNRESOLVED
UNRESOLVED	1a51c462b4a916f6	4	repos\runtime\bootstrapper-runtime\RENOVICE_DEPLOYMENTS\DIAGNOSTIC_OUTPUT_ADMISSION_V94_2026-09-16\rollback\V91_R1.IceWave.target.addon.lua_B		None	nativeCalls.SetBaseAmount.before p7/i41=UNRESOLVED; nativeCalls.SetSource.before p7/i52=UNRESOLVED; nativeCalls.DamageDD.before p7/i64=UNRESOLVED; nativeCalls.DamageDD.after p7/i64=UNRESOLVED
UNRESOLVED	61a1c36c5f275cb0	3	repos\runtime\bootstrapper-runtime\RENOVICE_DEPLOYMENTS\ELITE_SANCTUARY_NO_RANK_ADDON_2026-09-12\verification\addon.stable-pass1.lua_B		None	nativeCalls.BuildMissionForLocation.after p25/i10=UNRESOLVED
