ability_name	powersuit	ability_asset_path	provenance	retrieved_at	source_url
Vial Rush	Lavos	/Lotus/Powersuits/Alchemist/Abilities/AlchemistVialAbility	WIKI_MODULE_ABILITY_DATA	2026-08-28T00:58:15Z	https://wiki.warframe.com/api.php?action=parse&page=Module%3AAbility%2Fdata&prop=wikitext&format=json&formatversion=2
Null Star	Nova	/Lotus/Powersuits/AntiMatter/Abilities/NullStarAbility	WIKI_MODULE_ABILITY_DATA	2026-08-28T00:58:15Z	https://wiki.warframe.com/api.php?action=parse&page=Module%3AAbility%2Fdata&prop=wikitext&format=json&formatversion=2
Silence	Banshee	/Lotus/Powersuits/Banshee/Abilities/SilenceAbility	WIKI_MODULE_ABILITY_DATA	2026-08-28T00:58:15Z	https://wiki.warframe.com/api.php?action=parse&page=Module%3AAbility%2Fdata&prop=wikitext&format=json&formatversion=2
Resonator	Octavia	/Lotus/Powersuits/Bard/Abilities/BardCharmAbility	WIKI_MODULE_ABILITY_DATA	2026-08-28T00:58:15Z	https://wiki.warframe.com/api.php?action=parse&page=Module%3AAbility%2Fdata&prop=wikitext&format=json&formatversion=2
Warcry	Valkyr	/Lotus/Powersuits/Berserker/Abilities/BerserkerScreamAbility	WIKI_MODULE_ABILITY_DATA	2026-08-28T00:58:15Z	https://wiki.warframe.com/api.php?action=parse&page=Module%3AAbility%2Fdata&prop=wikitext&format=json&formatversion=2
Petrify	Atlas	/Lotus/Powersuits/Brawler/Abilities/BrawlerGazeAbility	WIKI_MODULE_ABILITY_DATA	2026-08-28T00:58:15Z	https://wiki.warframe.com/api.php?action=parse&page=Module%3AAbility%2Fdata&prop=wikitext&format=json&formatversion=2
Xata's Whisper	Xaku	/Lotus/Powersuits/BrokenFrame/Abilities/BrokenRotAbility	WIKI_MODULE_ABILITY_DATA	2026-08-28T00:58:15Z	https://wiki.warframe.com/api.php?action=parse&page=Module%3AAbility%2Fdata&prop=wikitext&format=json&formatversion=2
Ophanim Eyes	Jade	/Lotus/Powersuits/Choir/Abilities/ChoirEyesAbility	WIKI_MODULE_ABILITY_DATA	2026-08-28T00:58:15Z	https://wiki.warframe.com/api.php?action=parse&page=Module%3AAbility%2Fdata&prop=wikitext&format=json&formatversion=2
Chyrinka Pillar	Qorvex	/Lotus/Powersuits/ConcreteFrame/Abilities/ConcretePillarAbility	WIKI_MODULE_ABILITY_DATA	2026-08-28T00:58:15Z	https://wiki.warframe.com/api.php?action=parse&page=Module%3AAbility%2Fdata&prop=wikitext&format=json&formatversion=2
Shooting Gallery	Mesa	/Lotus/Powersuits/Cowgirl/Abilities/RussianRouletteAbility	WIKI_MODULE_ABILITY_DATA	2026-08-28T00:58:15Z	https://wiki.warframe.com/api.php?action=parse&page=Module%3AAbility%2Fdata&prop=wikitext&format=json&formatversion=2
Wyrd Scythes	Dagath	/Lotus/Powersuits/Dagath/Abilities/DagathVolleyAbility	WIKI_MODULE_ABILITY_DATA	2026-08-28T00:58:15Z	https://wiki.warframe.com/api.php?action=parse&page=Module%3AAbility%2Fdata&prop=wikitext&format=json&formatversion=2
Nourish	Grendel	/Lotus/Powersuits/Devourer/Abilities/DevourerConsumeAbility	WIKI_MODULE_ABILITY_DATA	2026-08-28T00:58:15Z	https://wiki.warframe.com/api.php?action=parse&page=Module%3AAbility%2Fdata&prop=wikitext&format=json&formatversion=2
Elemental Ward	Chroma	/Lotus/Powersuits/Dragon/Abilities/DragonLuckAbility	WIKI_MODULE_ABILITY_DATA	2026-08-28T00:58:15Z	https://wiki.warframe.com/api.php?action=parse&page=Module%3AAbility%2Fdata&prop=wikitext&format=json&formatversion=2
Fire Blast	Ember	/Lotus/Powersuits/Ember/Abilities/FireBlastAbility	WIKI_MODULE_ABILITY_DATA	2026-08-28T00:58:15Z	https://wiki.warframe.com/api.php?action=parse&page=Module%3AAbility%2Fdata&prop=wikitext&format=json&formatversion=2
Radial Blind	Excalibur	/Lotus/Powersuits/Excalibur/Abilities/RadialBlindAbility	WIKI_MODULE_ABILITY_DATA	2026-08-28T00:58:15Z	https://wiki.warframe.com/api.php?action=parse&page=Module%3AAbility%2Fdata&prop=wikitext&format=json&formatversion=2
Spellbind	Titania	/Lotus/Powersuits/Fairy/Abilities/FairyDustAbility	WIKI_MODULE_ABILITY_DATA	2026-08-28T00:58:15Z	https://wiki.warframe.com/api.php?action=parse&page=Module%3AAbility%2Fdata&prop=wikitext&format=json&formatversion=2
Ice Wave	Frost	/Lotus/Powersuits/Frost/Abilities/IceSpikeAbility	WIKI_MODULE_ABILITY_DATA	2026-08-28T00:58:15Z	https://wiki.warframe.com/api.php?action=parse&page=Module%3AAbility%2Fdata&prop=wikitext&format=json&formatversion=2
Evade	Cyte-09	/Lotus/Powersuits/Frumentarius/Abilities/FrumentariusCloakAbility	WIKI_MODULE_ABILITY_DATA	2026-08-28T00:58:15Z	https://wiki.warframe.com/api.php?action=parse&page=Module%3AAbility%2Fdata&prop=wikitext&format=json&formatversion=2
Blood Altar	Garuda	/Lotus/Powersuits/Garuda/Abilities/GarudaSiphonAbility	WIKI_MODULE_ABILITY_DATA	2026-08-28T00:58:15Z	https://wiki.warframe.com/api.php?action=parse&page=Module%3AAbility%2Fdata&prop=wikitext&format=json&formatversion=2
Fractured Blast	Citrine	/Lotus/Powersuits/Geode/Abilities/GeodeShardsAbility	WIKI_MODULE_ABILITY_DATA	2026-08-28T00:58:15Z	https://wiki.warframe.com/api.php?action=parse&page=Module%3AAbility%2Fdata&prop=wikitext&format=json&formatversion=2
Spectrorage	Gara	/Lotus/Powersuits/Glass/Abilities/GlassFragmentAbility	WIKI_MODULE_ABILITY_DATA	2026-08-28T00:58:15Z	https://wiki.warframe.com/api.php?action=parse&page=Module%3AAbility%2Fdata&prop=wikitext&format=json&formatversion=2
Coil Horizon	Gyre	/Lotus/Powersuits/Gyre/Abilities/GyreSphereAbility	WIKI_MODULE_ABILITY_DATA	2026-08-28T00:58:15Z	https://wiki.warframe.com/api.php?action=parse&page=Module%3AAbility%2Fdata&prop=wikitext&format=json&formatversion=2
Eclipse	Mirage	/Lotus/Powersuits/Harlequin/Abilities/LightAbility	WIKI_MODULE_ABILITY_DATA	2026-08-28T00:58:15Z	https://wiki.warframe.com/api.php?action=parse&page=Module%3AAbility%2Fdata&prop=wikitext&format=json&formatversion=2
Tharros Strike	Styanax	/Lotus/Powersuits/Hoplite/Abilities/HopliteBashAbility	WIKI_MODULE_ABILITY_DATA	2026-08-28T00:58:15Z	https://wiki.warframe.com/api.php?action=parse&page=Module%3AAbility%2Fdata&prop=wikitext&format=json&formatversion=2
Larva	Nidus	/Lotus/Powersuits/Infestation/Abilities/InfestTendrilsAbility	WIKI_MODULE_ABILITY_DATA	2026-08-28T00:58:15Z	https://wiki.warframe.com/api.php?action=parse&page=Module%3AAbility%2Fdata&prop=wikitext&format=json&formatversion=2
Self Portrait	Follie	/Lotus/Powersuits/Inkblot/Abilities/InkCloneAbility	WIKI_MODULE_ABILITY_DATA	2026-08-28T00:58:15Z	https://wiki.warframe.com/api.php?action=parse&page=Module%3AAbility%2Fdata&prop=wikitext&format=json&formatversion=2
Pillage	Hildryn	/Lotus/Powersuits/IronFrame/Abilities/IronFrameStripAbility	WIKI_MODULE_ABILITY_DATA	2026-08-28T00:58:15Z	https://wiki.warframe.com/api.php?action=parse&page=Module%3AAbility%2Fdata&prop=wikitext&format=json&formatversion=2
Mind Control	Nyx	/Lotus/Powersuits/Jade/Abilities/MindControlAbility	WIKI_MODULE_ABILITY_DATA	2026-08-28T00:58:15Z	https://wiki.warframe.com/api.php?action=parse&page=Module%3AAbility%2Fdata&prop=wikitext&format=json&formatversion=2
Ensnare	Khora	/Lotus/Powersuits/Khora/Abilities/KhoraTwirlAbility	WIKI_MODULE_ABILITY_DATA	2026-08-28T00:58:15Z	https://wiki.warframe.com/api.php?action=parse&page=Module%3AAbility%2Fdata&prop=wikitext&format=json&formatversion=2
Omamori	Koumei	/Lotus/Powersuits/Koumei/Abilities/KoumeiBlockAbility	WIKI_MODULE_ABILITY_DATA	2026-08-28T00:58:15Z	https://wiki.warframe.com/api.php?action=parse&page=Module%3AAbility%2Fdata&prop=wikitext&format=json&formatversion=2
Decoy	Loki	/Lotus/Powersuits/Loki/Abilities/DecoyAbility	WIKI_MODULE_ABILITY_DATA	2026-08-28T00:58:15Z	https://wiki.warframe.com/api.php?action=parse&page=Module%3AAbility%2Fdata&prop=wikitext&format=json&formatversion=2
Pull	Mag	/Lotus/Powersuits/Mag/Abilities/PullAbility	WIKI_MODULE_ABILITY_DATA	2026-08-28T00:58:15Z	https://wiki.warframe.com/api.php?action=parse&page=Module%3AAbility%2Fdata&prop=wikitext&format=json&formatversion=2
Banish	Limbo	/Lotus/Powersuits/Magician/Abilities/BanishAbility	WIKI_MODULE_ABILITY_DATA	2026-08-28T00:58:15Z	https://wiki.warframe.com/api.php?action=parse&page=Module%3AAbility%2Fdata&prop=wikitext&format=json&formatversion=2
Defy	Wukong	/Lotus/Powersuits/MonkeyKing/Abilities/MonkeyDeathNewAbility	WIKI_MODULE_ABILITY_DATA	2026-08-28T00:58:15Z	https://wiki.warframe.com/api.php?action=parse&page=Module%3AAbility%2Fdata&prop=wikitext&format=json&formatversion=2
Terrify	Nekros	/Lotus/Powersuits/Necro/Abilities/TerrorTotemAbility	WIKI_MODULE_ABILITY_DATA	2026-08-28T00:58:15Z	https://wiki.warframe.com/api.php?action=parse&page=Module%3AAbility%2Fdata&prop=wikitext&format=json&formatversion=2
Fire Walker	Nezha	/Lotus/Powersuits/Nezha/Abilities/NezhaTrailAbility	WIKI_MODULE_ABILITY_DATA	2026-08-28T00:58:15Z	https://wiki.warframe.com/api.php?action=parse&page=Module%3AAbility%2Fdata&prop=wikitext&format=json&formatversion=2
Shuriken	Ash	/Lotus/Powersuits/Ninja/Abilities/GlaiveAbility	WIKI_MODULE_ABILITY_DATA	2026-08-28T00:58:15Z	https://wiki.warframe.com/api.php?action=parse&page=Module%3AAbility%2Fdata&prop=wikitext&format=json&formatversion=2
Brightbonnet	Nokko	/Lotus/Powersuits/Nokko/Abilities/NokkoPowerShroomAbility	WIKI_MODULE_ABILITY_DATA	2026-08-28T00:58:15Z	https://wiki.warframe.com/api.php?action=parse&page=Module%3AAbility%2Fdata&prop=wikitext&format=json&formatversion=2
Dispensary	Protea	/Lotus/Powersuits/Odalisk/Abilities/OdaliskDispensaryAbility	WIKI_MODULE_ABILITY_DATA	2026-08-28T00:58:15Z	https://wiki.warframe.com/api.php?action=parse&page=Module%3AAbility%2Fdata&prop=wikitext&format=json&formatversion=2
Webbed Embrace	Oraxia	/Lotus/Powersuits/Oraxia/Abilities/OraxiaEntangleAbility	WIKI_MODULE_ABILITY_DATA	2026-08-28T00:58:15Z	https://wiki.warframe.com/api.php?action=parse&page=Module%3AAbility%2Fdata&prop=wikitext&format=json&formatversion=2
Lull	Baruuk	/Lotus/Powersuits/Pacifist/Abilities/PacifistWaveAbility	WIKI_MODULE_ABILITY_DATA	2026-08-28T00:58:15Z	https://wiki.warframe.com/api.php?action=parse&page=Module%3AAbility%2Fdata&prop=wikitext&format=json&formatversion=2
Dark Verse	Dante	/Lotus/Powersuits/Pagemaster/Abilities/PagemasterDeathAbility	WIKI_MODULE_ABILITY_DATA	2026-08-28T00:58:15Z	https://wiki.warframe.com/api.php?action=parse&page=Module%3AAbility%2Fdata&prop=wikitext&format=json&formatversion=2
Smite	Oberon	/Lotus/Powersuits/Paladin/Abilities/SmiteAbility	WIKI_MODULE_ABILITY_DATA	2026-08-28T00:58:15Z	https://wiki.warframe.com/api.php?action=parse&page=Module%3AAbility%2Fdata&prop=wikitext&format=json&formatversion=2
Wrathful Advance	Kullervo	/Lotus/Powersuits/PaxDuviricus/Abilities/PaxTeleportAbility	WIKI_MODULE_ABILITY_DATA	2026-08-28T00:58:15Z	https://wiki.warframe.com/api.php?action=parse&page=Module%3AAbility%2Fdata&prop=wikitext&format=json&formatversion=2
Tempest Barrage	Hydroid	/Lotus/Powersuits/Pirate/Abilities/CannonBarrageAbility	WIKI_MODULE_ABILITY_DATA	2026-08-28T00:58:15Z	https://wiki.warframe.com/api.php?action=parse&page=Module%3AAbility%2Fdata&prop=wikitext&format=json&formatversion=2
Remedium	Uriel	/Lotus/Powersuits/PowersuitAbilities/DemonFrameHealAbility	WIKI_MODULE_ABILITY_DATA	2026-08-28T00:58:15Z	https://wiki.warframe.com/api.php?action=parse&page=Module%3AAbility%2Fdata&prop=wikitext&format=json&formatversion=2
Master's Summons	Helminth	/Lotus/Powersuits/PowersuitAbilities/HelminthCompanionAbility	WIKI_MODULE_ABILITY_DATA	2026-08-28T00:58:15Z	https://wiki.warframe.com/api.php?action=parse&page=Module%3AAbility%2Fdata&prop=wikitext&format=json&formatversion=2
Energized Munitions	Helminth	/Lotus/Powersuits/PowersuitAbilities/HelminthEfficiencyAbility	WIKI_MODULE_ABILITY_DATA	2026-08-28T00:58:15Z	https://wiki.warframe.com/api.php?action=parse&page=Module%3AAbility%2Fdata&prop=wikitext&format=json&formatversion=2
Voracious Metastasis	Helminth	/Lotus/Powersuits/PowersuitAbilities/HelminthEnergyShareAbility	WIKI_MODULE_ABILITY_DATA	2026-08-28T00:58:15Z	https://wiki.warframe.com/api.php?action=parse&page=Module%3AAbility%2Fdata&prop=wikitext&format=json&formatversion=2
Perspicacity	Helminth	/Lotus/Powersuits/PowersuitAbilities/HelminthHackAbility	WIKI_MODULE_ABILITY_DATA	2026-08-28T00:58:15Z	https://wiki.warframe.com/api.php?action=parse&page=Module%3AAbility%2Fdata&prop=wikitext&format=json&formatversion=2
Sickening Pulse	Helminth	/Lotus/Powersuits/PowersuitAbilities/HelminthMaxStatusAbility	WIKI_MODULE_ABILITY_DATA	2026-08-28T00:58:15Z	https://wiki.warframe.com/api.php?action=parse&page=Module%3AAbility%2Fdata&prop=wikitext&format=json&formatversion=2
Hideous Resistance	Helminth	/Lotus/Powersuits/PowersuitAbilities/HelminthProcBlockAbility	WIKI_MODULE_ABILITY_DATA	2026-08-28T00:58:15Z	https://wiki.warframe.com/api.php?action=parse&page=Module%3AAbility%2Fdata&prop=wikitext&format=json&formatversion=2
Parasitic Armor	Helminth	/Lotus/Powersuits/PowersuitAbilities/HelminthShieldArmorAbility	WIKI_MODULE_ABILITY_DATA	2026-08-28T00:58:15Z	https://wiki.warframe.com/api.php?action=parse&page=Module%3AAbility%2Fdata&prop=wikitext&format=json&formatversion=2
Rebuild Shields	Helminth	/Lotus/Powersuits/PowersuitAbilities/HelminthShieldsAbility	WIKI_MODULE_ABILITY_DATA	2026-08-28T00:58:15Z	https://wiki.warframe.com/api.php?action=parse&page=Module%3AAbility%2Fdata&prop=wikitext&format=json&formatversion=2
Infested Mobility	Helminth	/Lotus/Powersuits/PowersuitAbilities/HelminthSpeedAbility	WIKI_MODULE_ABILITY_DATA	2026-08-28T00:58:15Z	https://wiki.warframe.com/api.php?action=parse&page=Module%3AAbility%2Fdata&prop=wikitext&format=json&formatversion=2
Expedite Suffering	Helminth	/Lotus/Powersuits/PowersuitAbilities/HelminthStatusAbility	WIKI_MODULE_ABILITY_DATA	2026-08-28T00:58:15Z	https://wiki.warframe.com/api.php?action=parse&page=Module%3AAbility%2Fdata&prop=wikitext&format=json&formatversion=2
Empower	Helminth	/Lotus/Powersuits/PowersuitAbilities/HelminthStrengthAbility	WIKI_MODULE_ABILITY_DATA	2026-08-28T00:58:15Z	https://wiki.warframe.com/api.php?action=parse&page=Module%3AAbility%2Fdata&prop=wikitext&format=json&formatversion=2
Marked For Death	Helminth	/Lotus/Powersuits/PowersuitAbilities/HelminthStunAbility	WIKI_MODULE_ABILITY_DATA	2026-08-28T00:58:15Z	https://wiki.warframe.com/api.php?action=parse&page=Module%3AAbility%2Fdata&prop=wikitext&format=json&formatversion=2
Golden Instinct	Helminth	/Lotus/Powersuits/PowersuitAbilities/HelminthTreasureAbility	WIKI_MODULE_ABILITY_DATA	2026-08-28T00:58:15Z	https://wiki.warframe.com/api.php?action=parse&page=Module%3AAbility%2Fdata&prop=wikitext&format=json&formatversion=2
Condemn	Harrow	/Lotus/Powersuits/Priest/Abilities/PriestCondemnAbility	WIKI_MODULE_ABILITY_DATA	2026-08-28T00:58:15Z	https://wiki.warframe.com/api.php?action=parse&page=Module%3AAbility%2Fdata&prop=wikitext&format=json&formatversion=2
Quiver	Ivara	/Lotus/Powersuits/Ranger/Abilities/RangerQuiverAbility	WIKI_MODULE_ABILITY_DATA	2026-08-28T00:58:15Z	https://wiki.warframe.com/api.php?action=parse&page=Module%3AAbility%2Fdata&prop=wikitext&format=json&formatversion=2
Reave	Revenant	/Lotus/Powersuits/Revenant/Abilities/RevenantAfflictionAbility	WIKI_MODULE_ABILITY_DATA	2026-08-28T00:58:15Z	https://wiki.warframe.com/api.php?action=parse&page=Module%3AAbility%2Fdata&prop=wikitext&format=json&formatversion=2
Roar	Rhino	/Lotus/Powersuits/Rhino/Abilities/RhinoRoarAbility	WIKI_MODULE_ABILITY_DATA	2026-08-28T00:58:15Z	https://wiki.warframe.com/api.php?action=parse&page=Module%3AAbility%2Fdata&prop=wikitext&format=json&formatversion=2
Thermal Sunder	Gauss	/Lotus/Powersuits/Runner/Abilities/RunnerTransferAbility	WIKI_MODULE_ABILITY_DATA	2026-08-28T00:58:15Z	https://wiki.warframe.com/api.php?action=parse&page=Module%3AAbility%2Fdata&prop=wikitext&format=json&formatversion=2
Desiccation	Inaros	/Lotus/Powersuits/Sandman/Abilities/SandmanBlastAbility	WIKI_MODULE_ABILITY_DATA	2026-08-28T00:58:15Z	https://wiki.warframe.com/api.php?action=parse&page=Module%3AAbility%2Fdata&prop=wikitext&format=json&formatversion=2
Molt	Saryn	/Lotus/Powersuits/Saryn/Abilities/ShedAbility	WIKI_MODULE_ABILITY_DATA	2026-08-28T00:58:15Z	https://wiki.warframe.com/api.php?action=parse&page=Module%3AAbility%2Fdata&prop=wikitext&format=json&formatversion=2
Sentient Wrath	Caliban	/Lotus/Powersuits/Sentient/Abilities/SentientStompAbility	WIKI_MODULE_ABILITY_DATA	2026-08-28T00:58:15Z	https://wiki.warframe.com/api.php?action=parse&page=Module%3AAbility%2Fdata&prop=wikitext&format=json&formatversion=2
Astral Shell	Orion	/Lotus/Powersuits/SiriusOrion/Abilities/OrionBuffAbility	WIKI_MODULE_ABILITY_DATA	2026-08-28T00:58:15Z	https://wiki.warframe.com/api.php?action=parse&page=Module%3AAbility%2Fdata&prop=wikitext&format=json&formatversion=2
Jade Stars	Sirius	/Lotus/Powersuits/SiriusOrion/Abilities/SiriusBuffAbility	WIKI_MODULE_ABILITY_DATA	2026-08-28T00:58:15Z	https://wiki.warframe.com/api.php?action=parse&page=Module%3AAbility%2Fdata&prop=wikitext&format=json&formatversion=2
Pyrotechnics	Temple	/Lotus/Powersuits/Temple/Abilities/TempleShredAbility	WIKI_MODULE_ABILITY_DATA	2026-08-28T00:58:15Z	https://wiki.warframe.com/api.php?action=parse&page=Module%3AAbility%2Fdata&prop=wikitext&format=json&formatversion=2
Airburst	Zephyr	/Lotus/Powersuits/Tengu/Abilities/TenguBurstAbility	WIKI_MODULE_ABILITY_DATA	2026-08-28T00:58:15Z	https://wiki.warframe.com/api.php?action=parse&page=Module%3AAbility%2Fdata&prop=wikitext&format=json&formatversion=2
Tesla Nervos	Vauban	/Lotus/Powersuits/Trapper/Abilities/ZapTrapAbility	WIKI_MODULE_ABILITY_DATA	2026-08-28T00:58:15Z	https://wiki.warframe.com/api.php?action=parse&page=Module%3AAbility%2Fdata&prop=wikitext&format=json&formatversion=2
Well of Life	Trinity	/Lotus/Powersuits/Trinity/Abilities/WellOfLifeAbility	WIKI_MODULE_ABILITY_DATA	2026-08-28T00:58:15Z	https://wiki.warframe.com/api.php?action=parse&page=Module%3AAbility%2Fdata&prop=wikitext&format=json&formatversion=2
Shock	Volt	/Lotus/Powersuits/Volt/Abilities/ShockAbility	WIKI_MODULE_ABILITY_DATA	2026-08-28T00:58:15Z	https://wiki.warframe.com/api.php?action=parse&page=Module%3AAbility%2Fdata&prop=wikitext&format=json&formatversion=2
Lycath's Hunt	Voruna	/Lotus/Powersuits/Werewolf/Abilities/WerewolfLeapAbility	WIKI_MODULE_ABILITY_DATA	2026-08-28T00:58:15Z	https://wiki.warframe.com/api.php?action=parse&page=Module%3AAbility%2Fdata&prop=wikitext&format=json&formatversion=2
Breach Surge	Wisp	/Lotus/Powersuits/Wisp/Abilities/WispHarnessAbility	WIKI_MODULE_ABILITY_DATA	2026-08-28T00:58:15Z	https://wiki.warframe.com/api.php?action=parse&page=Module%3AAbility%2Fdata&prop=wikitext&format=json&formatversion=2
Gloom	Sevagoth	/Lotus/Powersuits/Wraith/Abilities/WraithGloomAbility	WIKI_MODULE_ABILITY_DATA	2026-08-28T00:58:15Z	https://wiki.warframe.com/api.php?action=parse&page=Module%3AAbility%2Fdata&prop=wikitext&format=json&formatversion=2
Aquablades	Yareli	/Lotus/Powersuits/Yareli/Abilities/YareliDisksAbility	WIKI_MODULE_ABILITY_DATA	2026-08-28T00:58:15Z	https://wiki.warframe.com/api.php?action=parse&page=Module%3AAbility%2Fdata&prop=wikitext&format=json&formatversion=2
Rest & Rage	Equinox	/Lotus/Powersuits/YinYang/Abilities/YinYangTargetAbility	WIKI_MODULE_ABILITY_DATA	2026-08-28T00:58:15Z	https://wiki.warframe.com/api.php?action=parse&page=Module%3AAbility%2Fdata&prop=wikitext&format=json&formatversion=2
