beat	tick_ms	strength	og_before	og_next	grant_hits	kill_skips	rate_limited_traces	octavia_hit_records	model_og_next	class	grant_damages
0	88337109	2.380000114440918	0	996	20	0	0	0	996	clean	4034,4034,4034,4034,4034,4034,4034,534,4034,534,534,534,534,4034,534,534,534,534,534,534
1	88337609	2.380000114440918	996	1927	12	0	8	0	1760	other	3782,3782,3782,3782,3782,3782,3782,3782,501,501,501,501
2	88338109	2.380000114440918	1927	2804	20	0	0	0	2804	clean	3546,3546,3546,3546,3546,3546,3546,3546,470,470,470,470,470,470,3546,470,470,470,470,470
3	88338609	2.380000114440918	2804	3625	12	0	8	0	3476	other	3325,3325,3325,3325,3325,3325,3325,440,3325,440,440,440
4	88339109	2.380000114440918	3625	4390	20	0	0	0	4390	clean	3117,3117,3117,3117,3117,3117,3117,413,413,3117,413,3117,413,413,413,413,413,413,413,413
5	88339609	2.380000114440918	4390	5110	12	0	8	0	5038	other	2922,2922,2922,2922,2922,2922,2922,387,2922,387,387,2922
6	88340109	2.380000114440918	5110	5783	20	0	0	0	5783	clean	2740,2740,2740,2740,2740,2740,2740,363,363,2740,363,2740,363,363,363,363,363,363,363,363
7	88340609	2.380000114440918	5783	6420	12	0	8	0	6356	other	2570,2570,2570,2570,2570,2570,2570,340,340,2570,340,2570
8	88341109	2.380000114440918	6420	10657	20	0	0	0	10657	clean	17078,17078,17078,17078,17078,17078,17078,17078,2262,2262,17078,2262,2262,2262,2262,2262,2262,2262,2262,2262
9	88341609	2.380000114440918	10657	14636	12	0	8	0	14236	other	16011,16011,16011,16011,16011,16011,16011,16011,2121,2121,16011,2121
10	88342109	2.380000114440918	14636	18009	19	1	0	0	18009	other	15011,15011,15011,15011,15011,15011,15011,1988,1988,15011,1988,1988,1988,1988,1988,1988,1988,1988,1988
11	88342609	2.3824000358581543	18009	18493	3	9	8	0	18141	other	1864,1864,1864
12	88343109	2.4016003608703613	18493	19043	11	3	0	0	19043	clean	2087,2087,2087,2087,2087,2087,2087,2087,2087,2087,2087
13	88343609	2.4016003608703613	19043	19769	11	3	0	0	19769	clean	2783,2783,2783,2783,2783,2783,2783,2783,2783,2783,2783
14	88344109	2.4016003608703613	19769	20451	11	3	0	0	20451	clean	2609,2609,2609,2609,2609,2609,2609,2609,2609,2609,2609
15	88344609	2.4016003608703613	20451	21089	11	1	0	0	21089	clean	2446,2446,2446,2446,2446,2446,2446,2446,2446,2446,2446
16	88345109	2.4016003608703613	21089	21738	11	0	0	0	21738	clean	2487,2487,2487,2487,2487,2487,2487,2487,2487,2487,2487
17	88345609	2.4016003608703613	21738	22607	11	0	0	0	22607	clean	3303,3303,3303,3303,3303,3303,3303,3303,3303,3303,3303
18	88346109	2.4016003608703613	22607	23531	11	0	0	0	23531	clean	3534,3534,3534,3534,3534,3534,3534,3534,3534,3534,3534
19	88346609	2.4016003608703613	23531	24400	11	0	0	0	24400	clean	3313,3313,3313,3313,3313,3313,3313,3313,3313,3313,3313
20	88347109	2.4016003608703613	24400	25214	11	0	0	0	25214	clean	3106,3106,3106,3106,3106,3106,3106,3106,3106,3106,3106
21	88347609	2.4016003608703613	25214	25995	11	0	0	0	25995	clean	2961,2961,2961,2961,2961,2961,2961,2961,2961,2961,2961
22	88348109	2.4016003608703613	25995	26853	11	0	0	0	26853	clean	3261,3261,3261,3261,3261,3261,3261,3261,3261,3261,3261
23	88348609	2.4016003608703613	26853	27799	11	0	0	0	27799	clean	3592,3592,3592,3592,3592,3592,3592,3592,3592,3592,3592
24	88349109	2.4016003608703613	27799	28679	11	0	0	0	28679	clean	3367,3367,3367,3367,3367,3367,3367,3367,3367,3367,3367
25	88349609	2.4016003608703613	28679	29504	11	0	0	0	29504	clean	3157,3157,3157,3157,3157,3157,3157,3157,3157,3157,3157
26	88350109	2.4016003608703613	29504	30373	11	0	0	0	30373	clean	3300,3300,3300,3300,3300,3300,3300,3300,3300,3300,3300
27	88350609	2.4016003608703613	30373	31374	11	0	0	0	31374	clean	3822,3822,3822,3822,3822,3822,3822,3822,3822,3822,3822
28	88351109	2.4016003608703613	31374	30499	11	0	0	2	32320	other	3583,3583,3583,3583,3583,3583,3583,3583,3583,3583,3583
29	88351609	2.4016003608703613	30499	31379	11	0	0	0	31379	clean	3359,3359,3359,3359,3359,3359,3359,3359,3359,3359,3359
30	88352109	2.4016003608703613	31379	32248	11	0	0	0	32248	clean	3295,3295,3295,3295,3295,3295,3295,3295,3295,3295,3295
31	88352609	2.4016003608703613	32248	33208	6	4	0	0	33208	other	6671,6671,6671,6671,6671,6671
32	88353109	2.411200523376465	33208	34108	6	2	0	0	34108	clean	6254,6254,6254,6254,6254,6254
33	88353609	2.411200523376465	34108	34954	6	2	0	0	34954	clean	5863,5863,5863,5863,5863,5863
34	88354109	2.411200523376465	34954	35746	6	2	0	0	35746	clean	5497,5497,5497,5497,5497,5497
35	88354609	2.411200523376465	35746	36000	6	1	0	2	36168	other	5154,5154,5154,5154,5154,5154
36	88356109	2.411200523376465	36000	35924	4	0	0	2	36092	other	966,966,966,966
37	88356609	2.411200523376465	35924	36000	4	0	0	2	36168	other	3680,3680,3680,3680
38	88357109	2.411200523376465	36000	36084	4	0	0	1	36168	other	4537,4537,4537,4537
39	88357609	2.411200523376465	36084	36084	4	0	0	1	36168	other	6553,6553,6553,6553
40	88358109	2.411200523376465	36084	36084	4	0	0	1	36168	other	6747,6747,6747,6747
41	88358609	2.411200523376465	36084	36168	5	0	0	0	36168	other	7050,7050,7050,7050,7050
42	88359109	2.411200523376465	36168	36168	5	0	0	0	36168	at-cap	9151,9151,9151,9151,9151
43	88359609	2.411200523376465	36168	36168	5	0	0	0	36168	at-cap	8579,8579,8579,8579,8579
44	88360109	2.411200523376465	36168	36168	5	0	0	0	36168	at-cap	8043,8043,8043,8043,8043
45	88360609	2.411200523376465	36168	36204	5	1	0	0	36168	at-cap	7540,7540,7540,7540,7540
46	88361109	2.413600444793701	36204	36204	5	0	0	0	36204	at-cap	7069,7069,7069,7069,7069
47	88361609	2.413600444793701	36204	36204	5	0	0	0	36204	at-cap	6627,6627,6627,6627,6627
48	88363609	2.413600444793701	36204	36204	3	0	0	0	36204	at-cap	2536,2536,2536
49	88364109	2.413600444793701	36204	36204	3	0	0	0	36204	at-cap	2378,2378,2378
50	88364609	2.413600444793701	36204	36204	3	0	0	0	36204	at-cap	2863,2863,2863
51	88365109	2.413600444793701	36204	34383	3	0	0	2	36204	at-cap	2684,2684,2684
52	88365609	2.413600444793701	34383	34563	3	0	0	0	34563	clean	2516,2516,2516
53	88366109	2.413600444793701	34563	34731	3	0	0	0	34731	clean	2359,2359,2359
54	88366609	2.413600444793701	34731	33069	3	0	0	2	34890	other	2212,2212,2212
55	88367109	2.413600444793701	33069	33565	4	0	0	0	33565	clean	5164,5164,5164,5164
56	88367609	2.413600444793701	33565	34065	4	0	0	0	34065	clean	5204,5204,5204,5204
57	88368109	2.413600444793701	34065	34673	4	0	0	0	34673	other	6329,6329,6329,6329
58	88369109	2.413600444793701	34673	34773	5	0	0	0	34773	clean	846,846,846,846,846
59	88369609	2.413600444793701	34773	34868	5	0	0	0	34868	clean	793,793,793,793,793
60	88370109	2.413600444793701	34868	34953	5	0	0	0	34953	clean	744,744,744,744,744
61	88370609	2.413600444793701	34953	35033	5	0	0	0	35033	clean	697,697,697,697,697
62	88371109	2.413600444793701	35033	35268	5	0	0	0	35268	clean	1983,1983,1983,1983,1983
63	88371609	2.413600444793701	35268	35638	5	0	0	0	35638	clean	3067,3067,3067,3067,3067
64	88372109	2.413600444793701	35638	35907	3	2	0	0	35905	other	3722,3722,3722
65	88372609	2.418400764465332	35907	36228	3	2	0	0	36228	clean	4456,4456,4456
66	88373109	2.418400764465332	36228	36276	3	2	0	0	36276	other	5688,5688,5688
67	88373609	2.418400764465332	36276	36276	3	1	0	0	36276	at-cap	7145,7145,7145
68	88374109	2.418400764465332	36276	36276	3	1	0	0	36276	at-cap	8028,8028,8028
69	88374609	2.418400764465332	36276	36312	2	1	0	0	36276	at-cap	8735,8735
70	88375109	2.4208006858825684	36312	36312	2	1	0	0	36312	at-cap	10122,10122
71	88375609	2.4208006858825684	36312	36312	2	1	0	0	36312	at-cap	10698,10698
72	88376109	2.4208006858825684	36312	36312	3	0	0	0	36312	at-cap	11117,11117,11117
73	88376609	2.4208006858825684	36312	36312	3	0	0	0	36312	at-cap	11026,11026,11026
74	88377109	2.4208006858825684	36312	36312	3	0	0	0	36312	at-cap	11848,11848,11848
75	88377609	2.4208006858825684	36312	36312	3	0	0	0	36312	at-cap	12557,12557,12557
76	88378109	2.4208006858825684	36312	36312	3	0	0	0	36312	at-cap	12739,12739,12739
77	88378609	2.4208006858825684	36312	36312	3	0	0	0	36312	at-cap	13151,13151,13151
78	88379109	2.4208006858825684	36312	36312	3	0	0	0	36312	at-cap	13538,13538,13538
79	88379609	2.4208006858825684	36312	36312	3	0	0	0	36312	at-cap	14384,14384,14384
80	88380109	2.4208006858825684	36312	36312	3	0	0	0	36312	at-cap	14451,14451,14451
81	88380609	2.4208006858825684	36312	36312	2	1	0	0	36312	at-cap	14998,14998
82	88381109	2.4232006072998047	36312	36312	0	1	0	0	36312	clean	
83	88381609	2.4232006072998047	36312	36312	0	1	0	0	36312	clean	
84	88382109	2.4232006072998047	36312	36312	0	1	0	0	36312	clean	
85	88382609	2.4232006072998047	36312	36312	0	0	0	0	36312	clean	
86	88383109	2.4232006072998047	36312	36312	0	0	0	0	36312	clean	
87	88383609	2.4232006072998047	36312	36312	0	0	0	0	36312	clean	
88	88384109	2.4232006072998047	36312	36312	0	0	0	0	36312	clean	
89	88384609	2.4232006072998047	36312	36312	0	0	0	0	36312	clean	
90	88385109	2.4232006072998047	36312	36312	0	0	0	0	36312	clean	
91	88385609	2.4232006072998047	36312	36348	1	0	0	0	36348	other	62456
92	88386109	2.4232006072998047	36348	36384	4	1	0	0	36348	at-cap	58553,58553,58553,58553
93	88386609	2.42560076713562	36384	36528	3	4	0	0	36384	at-cap	54894,54894,54894
94	88387109	2.4352009296417236	36528	36444	0	3	0	1	36528	at-cap	
95	88387609	2.4424009323120117	36444	36444	0	0	0	0	36444	clean	
96	88388109	2.4424009323120117	36444	36360	0	0	0	1	36444	other	
97	88388609	2.4424009323120117	36360	36276	0	0	0	1	36360	other	
98	88389109	2.4424009323120117	36276	36192	0	0	0	1	36276	other	
99	88389609	2.4424009323120117	36192	36192	0	0	0	0	36192	clean	
100	88390109	2.4424009323120117	36192	36108	0	0	0	1	36192	other	
101	88390609	2.4424009323120117	36108	35856	0	0	0	3	36108	other	
102	88391109	2.4424009323120117	35856	35772	0	0	0	1	35856	other	
103	88391609	2.4424009323120117	35772	35688	0	0	0	1	35772	other	
104	88392109	2.4424009323120117	35688	35688	0	0	0	0	35688	clean	
105	88392609	2.4424009323120117	35688	35520	0	0	0	2	35688	other	
106	88393109	2.4424009323120117	35520	35016	0	0	0	6	35520	other	
107	88393609	2.4424009323120117	35016	34092	0	0	0	11	35016	other	
108	88395109	2.4424009323120117	34092	34096	1	0	0	0	34096	clean	199
109	88395609	2.4424009323120117	34096	34100	1	0	0	0	34100	clean	187
110	88396109	2.4424009323120117	34100	34104	1	0	0	0	34104	clean	175
111	88396609	2.4424009323120117	34104	34108	1	0	0	0	34108	clean	165
112	88397109	2.4424009323120117	34108	34122	2	0	0	0	34122	clean	304,304
113	88397609	2.4424009323120117	34122	34134	2	0	0	0	34134	clean	285,285
114	88398109	2.4424009323120117	34134	34156	2	0	0	0	34156	clean	467,467
115	88398609	2.4424009323120117	34156	34441	3	0	0	0	34441	clean	3914,3914,3914
116	88399109	2.4424009323120117	34441	34708	3	0	0	0	34708	clean	3669,3669,3669
117	88399609	2.4424009323120117	34708	34960	3	0	0	0	34960	clean	3440,3440,3440
118	88400109	2.4424009323120117	34960	35500	3	0	0	0	35500	clean	7395,7395,7395
119	88400609	2.4424009323120117	35500	36007	3	0	0	0	36007	clean	6933,6933,6933
120	88401109	2.4424009323120117	36007	36636	4	0	0	0	36636	other	6500,6500,6500,6500
121	88401609	2.4424009323120117	36636	36636	4	0	0	0	36636	at-cap	6094,6094,6094,6094
122	88402109	2.4424009323120117	36636	36636	4	0	0	0	36636	at-cap	5713,5713,5713,5713
123	88402609	2.4424009323120117	36636	36636	5	0	0	0	36636	at-cap	5555,5555,5555,5555,5555
124	88403109	2.4424009323120117	36636	36636	5	0	0	0	36636	at-cap	5208,5208,5208,5208,5208
125	88403609	2.4424009323120117	36636	36636	5	0	0	0	36636	at-cap	4883,4883,4883,4883,4883
126	88404109	2.4424009323120117	36636	34815	5	0	0	2	36636	at-cap	4577,4577,4577,4577,4577
127	88404609	2.4424009323120117	34815	35335	5	0	0	0	35335	clean	4291,4291,4291,4291,4291
128	88405109	2.4424009323120117	35335	35727	4	0	0	0	35727	clean	4023,4023,4023,4023
129	88405609	2.4424009323120117	35727	36279	6	0	0	0	36279	clean	3772,3772,3772,3772,3772,3772
130	88406109	2.4424009323120117	36279	36636	5	1	0	0	36636	other	30218,30218,30218,30218,30218
131	88406609	2.444801092147827	36636	36672	4	1	0	0	36672	other	28528,28528,28528,28528
132	88407109	2.4472012519836426	36672	36708	4	0	0	0	36708	other	26745,26745,26745,26745
133	88407609	2.4472012519836426	36708	36708	5	0	0	0	36708	at-cap	25074,25074,25074,25074,25074
134	88408109	2.4472012519836426	36708	36708	5	0	0	0	36708	at-cap	23507,23507,23507,23507,23507
135	88408609	2.4472012519836426	36708	36744	4	1	0	0	36708	at-cap	22038,22038,22038,22038
136	88409109	2.449601173400879	36744	36744	2	2	0	0	36744	at-cap	20660,20660
137	88409609	2.4544012546539307	36744	36816	2	0	0	0	36816	other	19369,19369
138	88410109	2.4544012546539307	36816	36816	2	0	0	0	36816	at-cap	18159,18159
139	88410609	2.4544012546539307	36816	36816	2	0	0	0	36816	at-cap	17024,17024
140	88411109	2.4544012546539307	36816	36816	3	0	0	0	36816	at-cap	15960,15960,15960
141	88412109	2.4544012546539307	36816	36816	0	0	0	0	36816	at-cap	
142	88412609	2.4544012546539307	36816	36602	0	0	0	1	36816	at-cap	
143	88413109	2.4544012546539307	36602	36602	0	0	0	0	36602	clean	
144	88413609	2.4544012546539307	36602	36602	0	0	0	0	36602	clean	
145	88414109	2.4544012546539307	36602	36602	0	0	0	0	36602	clean	
146	88414609	2.4544012546539307	36602	36602	0	0	0	0	36602	clean	
147	88415109	2.4544012546539307	36602	36602	0	0	0	0	36602	clean	
148	88415625	2.4544012546539307	36602	36602	0	0	0	0	36602	clean	
149	88416109	2.4544012546539307	36602	36602	0	0	0	0	36602	clean	
150	88416609	2.4544012546539307	36602	36602	0	0	0	0	36602	clean	
151	88417109	2.4544012546539307	36602	36602	0	0	0	0	36602	clean	
152	88417609	2.4544012546539307	36602	36602	0	0	0	0	36602	clean	
153	88418109	2.4544012546539307	36602	36602	0	0	0	0	36602	clean	
154	88418609	2.4544012546539307	36602	36602	0	0	0	0	36602	clean	
155	88419109	2.4544012546539307	36602	36602	0	0	0	0	36602	clean	
156	88419609	2.4544012546539307	36602	36602	0	0	0	0	36602	clean	
157	88420109	2.4544012546539307	36602	34353	0	0	0	4	36602	other	
158	88420609	2.4544012546539307	34353	32985	0	0	0	7	34353	other	
159	88422609	2.4544012546539307	32985	33593	20	0	0	0	33593	clean	346,2612,2612,2612,346,2612,346,346,346,346,346,346,346,346,346,2612,2612,346,2612,2612
160	88423109	2.4544012546539307	33593	35041	12	0	8	0	34357	other	816,6161,6161,6161,6161,816,816,816,816,816,816,816
161	88423609	2.4544012546539307	35041	36521	20	0	0	0	36521	clean	839,6334,6334,6334,6334,839,839,839,839,839,839,6334,839,839,839,6334,839,839,6334,6334
162	88424109	2.4544012546539307	36521	36816	12	0	8	0	36816	other	787,5939,5939,5939,5939,787,787,787,5939,787,787,787
163	88424609	2.4544012546539307	36816	36816	20	0	0	0	36816	at-cap	922,6960,6960,922,6960,6960,922,922,6960,6960,922,922,922,922,922,922,922,922,6960,6960
164	88425109	2.4544012546539307	36816	36816	12	0	8	0	36816	at-cap	987,7453,7453,987,7453,7453,7453,987,987,7453,987,987
165	88425609	2.4544012546539307	36816	36816	20	0	0	0	36816	at-cap	2589,19549,19549,2589,19549,19549,19549,2589,2589,19549,2589,2589,2589,2589,2589,2589,2589,2589,19549,19549
166	88426109	2.4544012546539307	36816	36818	6	6	8	1	36816	at-cap	3615,3615,3615,3615,3615,3615
167	88426609	2.4736015796661377	36818	36462	12	0	0	3	37104	other	5488,5488,5488,5488,5488,5488,5488,5488,5488,5488,5488,5488
168	88427109	2.4736015796661377	36462	37104	12	0	0	0	37104	other	7111,7111,7111,7111,7111,7111,7111,7111,7111,7111,7111,7111
169	88427609	2.4736015796661377	37104	37104	12	0	0	0	37104	at-cap	7220,7220,7220,7220,7220,7220,7220,7220,7220,7220,7220,7220
170	88428109	2.4736015796661377	37104	37104	12	0	0	0	37104	at-cap	8120,8120,8120,8120,8120,8120,8120,8120,8120,8120,8120,8120
171	88428609	2.4736015796661377	37104	36890	12	0	0	1	37104	at-cap	8596,8596,8596,8596,8596,8596,8596,8596,8596,8596,8596,8596
172	88429109	2.4736015796661377	36890	36462	12	0	0	3	37104	other	9656,9656,9656,9656,9656,9656,9656,9656,9656,9656,9656,9656
173	88429609	2.4736015796661377	36462	36676	12	0	0	2	37104	other	10773,10773,10773,10773,10773,10773,10773,10773,10773,10773,10773,10773
174	88430109	2.4736015796661377	36676	36106	6	6	0	5	37104	other	11574,11574,11574,11574,11574,11574
175	88430609	2.488001823425293	36106	36250	6	0	0	5	37320	other	12203,12203,12203,12203,12203,12203
176	88431109	2.488001823425293	36250	36464	6	0	0	4	37320	other	13099,13099,13099,13099,13099,13099
177	88431609	2.488001823425293	36464	36250	6	0	0	5	37320	other	14247,14247,14247,14247,14247,14247
178	88432109	2.488001823425293	36250	36036	6	0	0	6	37320	other	16803,16803,16803,16803,16803,16803
179	88432609	2.488001823425293	36036	36250	6	0	0	5	37320	other	17965,17965,17965,17965,17965,17965
180	88433109	2.488001823425293	36250	36464	6	0	0	4	37320	other	18932,18932,18932,18932,18932,18932
181	88433609	2.488001823425293	36464	36036	6	0	0	6	37320	other	19779,19779,19779,19779,19779,19779
182	88434109	2.488001823425293	36036	36036	6	0	0	6	37320	other	20570,20570,20570,20570,20570,20570
183	88434609	2.488001823425293	36036	35957	2	4	0	5	37026	other	19899,19899
184	88435109	2.4976019859313965	35957	36087	2	3	0	4	36943	other	19761,19761
185	88435609	2.4976019859313965	36087	37279	2	3	0	0	37279	clean	23884,23884
186	88436109	2.4976019859313965	37279	37464	2	3	0	0	37464	other	25218,25218
187	88436609	2.4976019859313965	37464	37464	2	1	0	0	37464	at-cap	25301,25301
188	88437109	2.4976019859313965	37464	37464	2	0	0	0	37464	at-cap	25440,25440
189	88437609	2.4976019859313965	37464	37464	2	0	0	0	37464	at-cap	25755,25755
190	88438109	2.4976019859313965	37464	37464	2	0	0	0	37464	at-cap	25497,25497
191	88438609	2.4976019859313965	37464	37464	2	0	0	0	37464	at-cap	25378,25378
192	88439109	2.4976019859313965	37464	37464	2	0	0	0	37464	at-cap	25266,25266
193	88439609	2.4976019859313965	37464	37464	2	0	0	0	37464	at-cap	25653,25653
194	88440109	2.4976019859313965	37464	37464	2	0	0	0	37464	at-cap	25647,25647
195	88440609	2.4976019859313965	37464	37464	0	2	0	0	37464	at-cap	
196	88441109	2.5024020671844482	37464	37464	0	1	0	0	37464	clean	
197	88441609	2.5024020671844482	37464	37464	0	1	0	0	37464	clean	
198	88442109	2.5024020671844482	37464	37464	0	1	0	0	37464	clean	
199	88442609	2.5024020671844482	37464	37464	0	1	0	0	37464	clean	
200	88443109	2.5024020671844482	37464	37464	0	0	0	0	37464	clean	
201	88443609	2.5024020671844482	37464	37464	0	0	0	0	37464	clean	
202	88444109	2.5024020671844482	37464	37464	0	0	0	0	37464	clean	
203	88444609	2.5024020671844482	37464	37464	0	0	0	0	37464	clean	
204	88445109	2.5024020671844482	37464	37464	0	0	0	0	37464	clean	
205	88445609	2.5024020671844482	37464	37464	0	0	0	0	37464	clean	
206	88446109	2.5024020671844482	37464	37464	0	0	0	0	37464	clean	
207	88446609	2.5024020671844482	37464	37464	0	0	0	0	37464	clean	
208	88447109	2.5024020671844482	37464	37464	0	0	0	0	37464	clean	
209	88447609	2.5024020671844482	37464	37464	0	0	0	0	37464	clean	
210	88448109	2.5024020671844482	37464	37464	0	0	0	0	37464	clean	
211	88448625	2.5024020671844482	37464	37536	20	0	0	0	37536	other	9547,9547,9547,9547,9547,9547,72082,9547,72082,9547,9547,9547,9547,72082,9547,72082,72082,72082,72082,72082
212	88449109	2.5024020671844482	37536	37680	10	2	0	0	37536	at-cap	8950,8950,8950,8950,8950,8950,8950,8950,8950,8950
213	88449609	2.5216023921966553	37680	37824	0	0	0	0	37680	other	
214	88450109	2.5216023921966553	37824	37824	12	0	0	0	37824	at-cap	12087,12087,12087,12087,12087,12087,12087,12087,12087,12087,12087,12087
215	88450609	2.5216023921966553	37824	37824	12	0	0	0	37824	at-cap	11364,11364,11364,11364,11364,11364,11364,11364,11364,11364,11364,11364
216	88451109	2.5216023921966553	37824	37824	12	0	0	0	37824	at-cap	10900,10900,10900,10900,10900,10900,10900,10900,10900,10900,10900,10900
217	88451609	2.5216023921966553	37824	37824	12	0	0	0	37824	at-cap	10587,10587,10587,10587,10587,10587,10587,10587,10587,10587,10587,10587
218	88452109	2.5216023921966553	37824	37932	6	6	0	0	37824	at-cap	12021,12021,12021,12021,12021,12021
219	88452609	2.5360026359558105	37932	38040	6	0	0	0	38040	other	13408,13408,13408,13408,13408,13408
220	88453109	2.5360026359558105	38040	38040	6	0	0	0	38040	at-cap	12570,12570,12570,12570,12570,12570
221	88453609	2.5360026359558105	38040	38040	6	0	0	0	38040	at-cap	13880,13880,13880,13880,13880,13880
222	88454109	2.5360026359558105	38040	38040	6	0	0	0	38040	at-cap	15845,15845,15845,15845,15845,15845
223	88454609	2.5360026359558105	38040	38040	6	0	0	0	38040	at-cap	15715,15715,15715,15715,15715,15715
224	88455109	2.5360026359558105	38040	38040	6	0	0	0	38040	at-cap	16330,16330,16330,16330,16330,16330
225	88455609	2.5360026359558105	38040	38040	6	0	0	0	38040	at-cap	17214,17214,17214,17214,17214,17214
226	88456109	2.5360026359558105	38040	38040	6	0	0	0	38040	at-cap	17306,17306,17306,17306,17306,17306
227	88456609	2.5360026359558105	38040	38184	2	4	0	0	38040	at-cap	18501,18501
228	88457109	2.545602798461914	38184	38184	2	3	0	0	38184	at-cap	19802,19802
229	88457609	2.545602798461914	38184	38184	2	3	0	0	38184	at-cap	21268,21268
