"subject"	"shape_class"	"module"	"prototype"	"instruction"	"kind"	"name"	"explicit_argument_count"	"open_arguments"	"receiver_web"	"receiver_type"	"receiver_type_confidence"	"receiver_type_evidence"	"descriptor_join"	"descriptor"	"contract_confidence"	"contract_status"	"contract_match"	"readable_line"	"readable_column"	"readable_expression"
"ApplyCustomization"	"OUTSIDE_OBSERVED_EXACT_SET"	"Lotus_Interface_AppearanceCustomization"	"27"	"76"	"method"	"ApplyCustomization"	"2"	"false"	"11"	"AvatarOrEntity"	"CORPUS_CATALOG"	"semantic-sdk:lua:method:AvatarOrEntity:ApplyCustomization; confidence=OBSERVED_STABLE_SHAPE; status=CATALOG_ONLY; evidence=; receiver of ApplyCustomization"	"UNIQUE_METHOD_NAME"	"lua:method:AvatarOrEntity:ApplyCustomization"	"OBSERVED_STABLE_SHAPE"	"CATALOG_ONLY"	"OBSERVED_MISMATCH"	"1579"	"25"	"avatarOrEntity:ApplyCustomization(npcValue, false)"
"ApplyCustomization"	"OUTSIDE_OBSERVED_EXACT_SET"	"Lotus_Interface_AppearanceCustomization"	"27"	"92"	"method"	"ApplyCustomization"	"2"	"false"	"11"	"AvatarOrEntity"	"CORPUS_CATALOG"	"semantic-sdk:lua:method:AvatarOrEntity:ApplyCustomization; confidence=OBSERVED_STABLE_SHAPE; status=CATALOG_ONLY; evidence=; receiver of ApplyCustomization"	"UNIQUE_METHOD_NAME"	"lua:method:AvatarOrEntity:ApplyCustomization"	"OBSERVED_STABLE_SHAPE"	"CATALOG_ONLY"	"OBSERVED_MISMATCH"	"1605"	"25"	"avatarOrEntity:ApplyCustomization(v27_69, ignoreWeaponAttachmentsValue)"
"ApplyCustomization"	"OUTSIDE_OBSERVED_EXACT_SET"	"Lotus_Interface_Components_AvatarDiorama"	"55"	"825"	"method"	"ApplyCustomization"	"2"	"false"	"833"	"AvatarOrEntity"	"CORPUS_CATALOG"	"semantic-sdk:lua:method:AvatarOrEntity:ApplyCustomization; confidence=OBSERVED_STABLE_SHAPE; status=CATALOG_ONLY; evidence=; receiver of ApplyCustomization"	"UNIQUE_METHOD_NAME"	"lua:method:AvatarOrEntity:ApplyCustomization"	"OBSERVED_STABLE_SHAPE"	"CATALOG_ONLY"	"OBSERVED_MISMATCH"	"7001"	"32"	"(frame_55[833]):ApplyCustomization(frame_55[928], false)"
"ApplyCustomization"	"OUTSIDE_OBSERVED_EXACT_SET"	"Lotus_Interface_Hub"	"121"	"350"	"method"	"ApplyCustomization"	"2"	"false"	"393"	"Customization"	"CORPUS_CATALOG"	"semantic-sdk:lua:method:AvatarOrItem:GetCustomization; confidence=OBSERVED_VARIABLE_OR_OPEN; status=CATALOG_ONLY; evidence=; result of GetCustomization"	"RECEIVER_TYPE_CONFLICT"	"lua:method:AvatarOrEntity:ApplyCustomization"	"OBSERVED_STABLE_SHAPE"	"CATALOG_ONLY"	"OBSERVED_MISMATCH"	"18497"	"24"	"(frame_121[393]):ApplyCustomization(frame_121[394], false)"
"ApplyCustomization"	"OUTSIDE_OBSERVED_EXACT_SET"	"Lotus_Interface_LoadOutRedux"	"22"	"189"	"method"	"ApplyCustomization"	"2"	"false"	"204"	"Customization"	"CORPUS_CATALOG"	"semantic-sdk:lua:method:AvatarOrItem:GetCustomization; confidence=OBSERVED_VARIABLE_OR_OPEN; status=CATALOG_ONLY; evidence=; result of GetCustomization"	"RECEIVER_TYPE_CONFLICT"	"lua:method:AvatarOrEntity:ApplyCustomization"	"OBSERVED_STABLE_SHAPE"	"CATALOG_ONLY"	"OBSERVED_MISMATCH"	"1255"	"20"	"(frame_22[204]):ApplyCustomization(frame_22[208], false)"
"ApplyCustomization"	"OUTSIDE_OBSERVED_EXACT_SET"	"Lotus_Interface_LoadOutRedux"	"61"	"170"	"method"	"ApplyCustomization"	"2"	"false"	"63"	"AvatarOrEntity"	"CORPUS_CATALOG"	"semantic-sdk:lua:method:AvatarOrEntity:ApplyCustomization; confidence=OBSERVED_STABLE_SHAPE; status=CATALOG_ONLY; evidence=; receiver of ApplyCustomization"	"UNIQUE_METHOD_NAME"	"lua:method:AvatarOrEntity:ApplyCustomization"	"OBSERVED_STABLE_SHAPE"	"CATALOG_ONLY"	"OBSERVED_MISMATCH"	"10719"	"28"	"(frame_61[63]):ApplyCustomization(frame_61[138], frame_61[139])"
"ApplyCustomization"	"OUTSIDE_OBSERVED_EXACT_SET"	"Lotus_Interface_LoadOutRedux"	"285"	"47"	"method"	"ApplyCustomization"	"2"	"false"	"7"	"AvatarOrEntity"	"CORPUS_CATALOG"	"semantic-sdk:lua:method:AvatarOrEntity:ApplyCustomization; confidence=OBSERVED_STABLE_SHAPE; status=CATALOG_ONLY; evidence=; receiver of ApplyCustomization"	"UNIQUE_METHOD_NAME"	"lua:method:AvatarOrEntity:ApplyCustomization"	"OBSERVED_STABLE_SHAPE"	"CATALOG_ONLY"	"OBSERVED_MISMATCH"	"51655"	"17"	"avatarOrEntity:ApplyCustomization(v285_38, v285_39)"
"ApplyCustomization"	"OUTSIDE_OBSERVED_EXACT_SET"	"Lotus_Interface_LoadOutRedux"	"294"	"157"	"method"	"ApplyCustomization"	"2"	"false"	"139"	"AvatarOrEntity"	"CORPUS_CATALOG"	"semantic-sdk:lua:method:AvatarOrEntity:ApplyCustomization; confidence=OBSERVED_STABLE_SHAPE; status=CATALOG_ONLY; evidence=; receiver of ApplyCustomization"	"UNIQUE_METHOD_NAME"	"lua:method:AvatarOrEntity:ApplyCustomization"	"OBSERVED_STABLE_SHAPE"	"CATALOG_ONLY"	"OBSERVED_MISMATCH"	"54279"	"17"	"avatarOrEntity:ApplyCustomization(v294_140, v294_141)"
"ApplyCustomization"	"OUTSIDE_OBSERVED_EXACT_SET"	"Lotus_Interface_LoadOutRedux"	"303"	"277"	"method"	"ApplyCustomization"	"2"	"false"	"224"	"AvatarOrEntity"	"CORPUS_CATALOG"	"semantic-sdk:lua:method:AvatarOrEntity:ApplyCustomization; confidence=OBSERVED_STABLE_SHAPE; status=CATALOG_ONLY; evidence=; receiver of ApplyCustomization"	"UNIQUE_METHOD_NAME"	"lua:method:AvatarOrEntity:ApplyCustomization"	"OBSERVED_STABLE_SHAPE"	"CATALOG_ONLY"	"OBSERVED_MISMATCH"	"55767"	"28"	"(frame_303[224]):ApplyCustomization(frame_303[225], frame_303[226])"
"DamageControlResolution"	"PREVIOUSLY_NAME_AMBIGUOUS"	"Lotus_Interface_LoadOutRedux"	"99"	"440"	"method"	"DamageControl"	"0"	"false"	"131"	"Avatar"	"API_CONTRACT"	"semantic-sdk:lua:method:Avatar:DamageControl; confidence=LIVE_CONFIRMED; status=CONFIRMED; evidence=WF-LIVE-MALLET-2026-08-23;WF-STOCK-BARD-BOXLOOP; receiver of DamageControl"	"RECEIVER_TYPE"	"lua:method:Avatar:DamageControl"	"LIVE_CONFIRMED"	"CONFIRMED"	"MATCH"	"18552"	"29"	"(frame_99[131]):DamageControl()"
"DamageControlResolution"	"PREVIOUSLY_NAME_AMBIGUOUS"	"Lotus_Interface_LotusUtilities"	"493"	"29"	"method"	"DamageControl"	"0"	"false"	"16"	"Avatar"	"API_CONTRACT"	"semantic-sdk:lua:method:Avatar:DamageControl; confidence=LIVE_CONFIRMED; status=CONFIRMED; evidence=WF-LIVE-MALLET-2026-08-23;WF-STOCK-BARD-BOXLOOP; receiver of DamageControl"	"RECEIVER_TYPE"	"lua:method:Avatar:DamageControl"	"LIVE_CONFIRMED"	"CONFIRMED"	"MATCH"	"39962"	"29"	"(frame_493[16]):DamageControl()"
"DamageControlResolution"	"PREVIOUSLY_NAME_AMBIGUOUS"	"Lotus_Interface_LotusUtilities"	"493"	"31"	"method"	"DamageControl"	"0"	"false"	"16"	"Avatar"	"API_CONTRACT"	"semantic-sdk:lua:method:Avatar:DamageControl; confidence=LIVE_CONFIRMED; status=CONFIRMED; evidence=WF-LIVE-MALLET-2026-08-23;WF-STOCK-BARD-BOXLOOP; receiver of DamageControl"	"RECEIVER_TYPE"	"lua:method:Avatar:DamageControl"	"LIVE_CONFIRMED"	"CONFIRMED"	"MATCH"	"39963"	"29"	"(frame_493[16]):DamageControl()"
"Execute"	"OUTSIDE_OBSERVED_EXACT_SET"	"Lotus_Interface_1999_RetroMap"	"28"	"44"	"method"	"Execute"	"0"	"false"	"32"	"UIMovie"	"API_CONTRACT"	"semantic-sdk:lua:method:UIMovie:Execute; confidence=LIVE_CONFIRMED; status=CONFIRMED; evidence=WF-STOCK-GENERIC-SETTINGS-UI-2026-08-27; receiver of Execute"	"UNIQUE_METHOD_NAME"	"lua:method:UIMovie:Execute"	"LIVE_CONFIRMED"	"CONFIRMED"	"OBSERVED_MISMATCH"	"2997"	"41"	"uIMovie:Execute()"
"Execute"	"OUTSIDE_OBSERVED_EXACT_SET"	"Lotus_Interface_1999_RetroMessenger"	"61"	"125"	"method"	"Execute"	"1"	"false"	"95"	"UIMovie"	"API_CONTRACT"	"semantic-sdk:lua:method:UIMovie:Execute; confidence=LIVE_CONFIRMED; status=CONFIRMED; evidence=WF-STOCK-GENERIC-SETTINGS-UI-2026-08-27; receiver of Execute"	"UNIQUE_METHOD_NAME"	"lua:method:UIMovie:Execute"	"LIVE_CONFIRMED"	"CONFIRMED"	"OBSERVED_MISMATCH"	"3982"	"16"	"(frame_61[95]):Execute(frame_61[143])"
"Execute"	"OUTSIDE_OBSERVED_EXACT_SET"	"Lotus_Interface_1999_RetroMessenger"	"117"	"179"	"method"	"Execute"	"1"	"false"	"77"	"UIMovie"	"API_CONTRACT"	"semantic-sdk:lua:method:UIMovie:Execute; confidence=LIVE_CONFIRMED; status=CONFIRMED; evidence=WF-STOCK-GENERIC-SETTINGS-UI-2026-08-27; receiver of Execute"	"UNIQUE_METHOD_NAME"	"lua:method:UIMovie:Execute"	"LIVE_CONFIRMED"	"CONFIRMED"	"OBSERVED_MISMATCH"	"10272"	"16"	"(frame_117[77]):Execute(frame_117[197])"
"Execute"	"OPEN_ARGUMENTS"	"Lotus_Interface_1999_RetroMessenger"	"278"	"86"	"method"	"Execute"	"-1"	"true"	"58"	"UIMovie"	"API_CONTRACT"	"semantic-sdk:lua:method:UIMovie:Execute; confidence=LIVE_CONFIRMED; status=CONFIRMED; evidence=WF-STOCK-GENERIC-SETTINGS-UI-2026-08-27; receiver of Execute"	"UNIQUE_METHOD_NAME"	"lua:method:UIMovie:Execute"	"LIVE_CONFIRMED"	"CONFIRMED"	"OPEN_ARGUMENTS"	"24518"	"16"	"(frame_278[58]):Execute(""SetInputBlocked"", frame_278[61](frame_278[62], ""false"", ""true""))"
"Execute"	"OUTSIDE_OBSERVED_EXACT_SET"	"Lotus_Interface_ApartmentCustomization"	"26"	"64"	"method"	"Execute"	"0"	"false"	"48"	"UIMovie"	"API_CONTRACT"	"semantic-sdk:lua:method:UIMovie:Execute; confidence=LIVE_CONFIRMED; status=CONFIRMED; evidence=WF-STOCK-GENERIC-SETTINGS-UI-2026-08-27; receiver of Execute"	"UNIQUE_METHOD_NAME"	"lua:method:UIMovie:Execute"	"LIVE_CONFIRMED"	"CONFIRMED"	"OBSERVED_MISMATCH"	"1639"	"16"	"(frame_26[48]):Execute()"
"Execute"	"OUTSIDE_OBSERVED_EXACT_SET"	"Lotus_Interface_Background"	"16"	"86"	"method"	"Execute"	"0"	"false"	"78"	"UIMovie"	"API_CONTRACT"	"semantic-sdk:lua:method:UIMovie:Execute; confidence=LIVE_CONFIRMED; status=CONFIRMED; evidence=WF-STOCK-GENERIC-SETTINGS-UI-2026-08-27; receiver of Execute"	"UNIQUE_METHOD_NAME"	"lua:method:UIMovie:Execute"	"LIVE_CONFIRMED"	"CONFIRMED"	"OBSERVED_MISMATCH"	"3236"	"16"	"(frame_16[78]):Execute()"
"Execute"	"OUTSIDE_OBSERVED_EXACT_SET"	"Lotus_Interface_CardUtilitiesRedux"	"102"	"11"	"method"	"Execute"	"0"	"false"	"7"	"UIMovie"	"API_CONTRACT"	"semantic-sdk:lua:method:UIMovie:Execute; confidence=LIVE_CONFIRMED; status=CONFIRMED; evidence=WF-STOCK-GENERIC-SETTINGS-UI-2026-08-27; receiver of Execute"	"UNIQUE_METHOD_NAME"	"lua:method:UIMovie:Execute"	"LIVE_CONFIRMED"	"CONFIRMED"	"OBSERVED_MISMATCH"	"14352"	"25"	"uIMovie:Execute()"
"Execute"	"OPEN_ARGUMENTS"	"Lotus_Interface_CardUtilitiesRedux"	"106"	"73"	"method"	"Execute"	"-1"	"true"	"40"	"UIMovie"	"API_CONTRACT"	"semantic-sdk:lua:method:UIMovie:Execute; confidence=LIVE_CONFIRMED; status=CONFIRMED; evidence=WF-STOCK-GENERIC-SETTINGS-UI-2026-08-27; receiver of Execute"	"UNIQUE_METHOD_NAME"	"lua:method:UIMovie:Execute"	"LIVE_CONFIRMED"	"CONFIRMED"	"OPEN_ARGUMENTS"	"14231"	"21"	"uIMovie:Execute(""SetTitle"", mMovieValue:GetLocalized(""/Lotus/Language/Menu/OmegaLimit_TitleWithCount"", false, v106_51))"
"Execute"	"OPEN_ARGUMENTS"	"Lotus_Interface_CardUtilitiesRedux"	"106"	"92"	"method"	"Execute"	"-1"	"true"	"40"	"UIMovie"	"API_CONTRACT"	"semantic-sdk:lua:method:UIMovie:Execute; confidence=LIVE_CONFIRMED; status=CONFIRMED; evidence=WF-STOCK-GENERIC-SETTINGS-UI-2026-08-27; receiver of Execute"	"UNIQUE_METHOD_NAME"	"lua:method:UIMovie:Execute"	"LIVE_CONFIRMED"	"CONFIRMED"	"OPEN_ARGUMENTS"	"14242"	"21"	"uIMovie:Execute(""SetCancelCallout"", ternaryValue(v106_78, ""/Lotus/Language/Menu/NavBar_Cancel"", ""/Lotus/Language/Menu/OmegaLimit_Cancel""))"
"Execute"	"OPEN_ARGUMENTS"	"Lotus_Interface_ChatRedux"	"144"	"77"	"method"	"Execute"	"-1"	"true"	"60"	"UIMovie"	"API_CONTRACT"	"semantic-sdk:lua:method:UIMovie:Execute; confidence=LIVE_CONFIRMED; status=CONFIRMED; evidence=WF-STOCK-GENERIC-SETTINGS-UI-2026-08-27; receiver of Execute"	"UNIQUE_METHOD_NAME"	"lua:method:UIMovie:Execute"	"LIVE_CONFIRMED"	"CONFIRMED"	"OPEN_ARGUMENTS"	"11271"	"13"	"uIMovie3:Execute(""SetTitle"", v144_62:GetLocalized(""/Lotus/Language/Menu/Chat_BanPlayer"", true, v144_65))"
"Execute"	"OPEN_ARGUMENTS"	"Lotus_Interface_ChatRedux"	"181"	"194"	"method"	"Execute"	"-1"	"true"	"150"	"UIMovie"	"API_CONTRACT"	"semantic-sdk:lua:method:UIMovie:Execute; confidence=LIVE_CONFIRMED; status=CONFIRMED; evidence=WF-STOCK-GENERIC-SETTINGS-UI-2026-08-27; receiver of Execute"	"UNIQUE_METHOD_NAME"	"lua:method:UIMovie:Execute"	"LIVE_CONFIRMED"	"CONFIRMED"	"OPEN_ARGUMENTS"	"13734"	"20"	"(frame_181[150]):Execute(""SetTitle"", (frame_181[152]):GetLocalized(""/Lotus/Language/Menu/OmegaLink_Title"", false))"
"Execute"	"OPEN_ARGUMENTS"	"Lotus_Interface_ChatRedux"	"181"	"597"	"method"	"Execute"	"-1"	"true"	"507"	"UIMovie"	"API_CONTRACT"	"semantic-sdk:lua:method:UIMovie:Execute; confidence=LIVE_CONFIRMED; status=CONFIRMED; evidence=WF-STOCK-GENERIC-SETTINGS-UI-2026-08-27; receiver of Execute"	"UNIQUE_METHOD_NAME"	"lua:method:UIMovie:Execute"	"LIVE_CONFIRMED"	"CONFIRMED"	"OPEN_ARGUMENTS"	"14664"	"20"	"(frame_181[507]):Execute(""SetTitle"", (frame_181[509]):GetLocalized(""/Lotus/Language/OstronCrafting/Crafting_WeapSelectTitle"", false))"
"Execute"	"OPEN_ARGUMENTS"	"Lotus_Interface_ChatRedux"	"545"	"63"	"method"	"Execute"	"-1"	"true"	"6"	"UIMovie"	"API_CONTRACT"	"semantic-sdk:lua:method:UIMovie:Execute; confidence=LIVE_CONFIRMED; status=CONFIRMED; evidence=WF-STOCK-GENERIC-SETTINGS-UI-2026-08-27; receiver of Execute"	"UNIQUE_METHOD_NAME"	"lua:method:UIMovie:Execute"	"LIVE_CONFIRMED"	"CONFIRMED"	"OPEN_ARGUMENTS"	"55445"	"21"	"uIMovie:Execute(""SetSettingsSearch"", v545_47:GetLocalized(""/Lotus/Language/Menu/Chat_BasicTitle"", false))"
"Execute"	"OPEN_ARGUMENTS"	"Lotus_Interface_Clan"	"41"	"12"	"method"	"Execute"	"-1"	"true"	"5"	"UIMovie"	"API_CONTRACT"	"semantic-sdk:lua:method:UIMovie:Execute; confidence=LIVE_CONFIRMED; status=CONFIRMED; evidence=WF-STOCK-GENERIC-SETTINGS-UI-2026-08-27; receiver of Execute"	"UNIQUE_METHOD_NAME"	"lua:method:UIMovie:Execute"	"LIVE_CONFIRMED"	"CONFIRMED"	"OPEN_ARGUMENTS"	"1848"	"9"	"uIMovie:Execute(""InitiateDojoVisit"", v41_7:GetGuildId())"
"Execute"	"OPEN_ARGUMENTS"	"Lotus_Interface_Clan"	"42"	"41"	"method"	"Execute"	"-1"	"true"	"24"	"UIMovie"	"API_CONTRACT"	"semantic-sdk:lua:method:UIMovie:Execute; confidence=LIVE_CONFIRMED; status=CONFIRMED; evidence=WF-STOCK-GENERIC-SETTINGS-UI-2026-08-27; receiver of Execute"	"UNIQUE_METHOD_NAME"	"lua:method:UIMovie:Execute"	"LIVE_CONFIRMED"	"CONFIRMED"	"OPEN_ARGUMENTS"	"1923"	"16"	"(frame_42[24]):Execute(""InitiateDojoVisit"", (frame_42[26]):GetGuildId())"
"Execute"	"OUTSIDE_OBSERVED_EXACT_SET"	"Lotus_Interface_Clan"	"150"	"67"	"method"	"Execute"	"0"	"false"	"45"	"UIMovie"	"API_CONTRACT"	"semantic-sdk:lua:method:UIMovie:Execute; confidence=LIVE_CONFIRMED; status=CONFIRMED; evidence=WF-STOCK-GENERIC-SETTINGS-UI-2026-08-27; receiver of Execute"	"UNIQUE_METHOD_NAME"	"lua:method:UIMovie:Execute"	"LIVE_CONFIRMED"	"CONFIRMED"	"OBSERVED_MISMATCH"	"11570"	"16"	"(frame_150[45]):Execute()"
"Execute"	"OUTSIDE_OBSERVED_EXACT_SET"	"Lotus_Interface_Clan"	"159"	"318"	"method"	"Execute"	"0"	"false"	"270"	"UIMovie"	"API_CONTRACT"	"semantic-sdk:lua:method:UIMovie:Execute; confidence=LIVE_CONFIRMED; status=CONFIRMED; evidence=WF-STOCK-GENERIC-SETTINGS-UI-2026-08-27; receiver of Execute"	"UNIQUE_METHOD_NAME"	"lua:method:UIMovie:Execute"	"LIVE_CONFIRMED"	"CONFIRMED"	"OBSERVED_MISMATCH"	"12631"	"16"	"(frame_159[270]):Execute()"
"Execute"	"OUTSIDE_OBSERVED_EXACT_SET"	"Lotus_Interface_Clan"	"204"	"75"	"method"	"Execute"	"0"	"false"	"58"	"UIMovie"	"API_CONTRACT"	"semantic-sdk:lua:method:UIMovie:Execute; confidence=LIVE_CONFIRMED; status=CONFIRMED; evidence=WF-STOCK-GENERIC-SETTINGS-UI-2026-08-27; receiver of Execute"	"UNIQUE_METHOD_NAME"	"lua:method:UIMovie:Execute"	"LIVE_CONFIRMED"	"CONFIRMED"	"OBSERVED_MISMATCH"	"15034"	"16"	"(frame_204[58]):Execute()"
"Execute"	"OPEN_ARGUMENTS"	"Lotus_Interface_ClanSearch"	"46"	"30"	"method"	"Execute"	"-1"	"true"	"17"	"UIMovie"	"API_CONTRACT"	"semantic-sdk:lua:method:UIMovie:Execute; confidence=LIVE_CONFIRMED; status=CONFIRMED; evidence=WF-STOCK-GENERIC-SETTINGS-UI-2026-08-27; receiver of Execute"	"UNIQUE_METHOD_NAME"	"lua:method:UIMovie:Execute"	"LIVE_CONFIRMED"	"CONFIRMED"	"OPEN_ARGUMENTS"	"2966"	"13"	"uIMovie2:Execute(""SetTitle"", v46_19:GetLocalized(""/Lotus/Language/Clan/RequestToJoinClanMessageBoxTitle"", true))"
"Execute"	"OPEN_ARGUMENTS"	"Lotus_Interface_Codex"	"210"	"140"	"method"	"Execute"	"-1"	"true"	"119"	"UIMovie"	"API_CONTRACT"	"semantic-sdk:lua:method:UIMovie:Execute; confidence=LIVE_CONFIRMED; status=CONFIRMED; evidence=WF-STOCK-GENERIC-SETTINGS-UI-2026-08-27; receiver of Execute"	"UNIQUE_METHOD_NAME"	"lua:method:UIMovie:Execute"	"LIVE_CONFIRMED"	"CONFIRMED"	"OPEN_ARGUMENTS"	"22653"	"13"	"uIMovie3:Execute(""SetCollectibleType"", typeValue:GetFullName())"
"Execute"	"OUTSIDE_OBSERVED_EXACT_SET"	"Lotus_Interface_Codex"	"238"	"121"	"method"	"Execute"	"0"	"false"	"157"	"UIMovie"	"API_CONTRACT"	"semantic-sdk:lua:method:UIMovie:Execute; confidence=LIVE_CONFIRMED; status=CONFIRMED; evidence=WF-STOCK-GENERIC-SETTINGS-UI-2026-08-27; receiver of Execute"	"UNIQUE_METHOD_NAME"	"lua:method:UIMovie:Execute"	"LIVE_CONFIRMED"	"CONFIRMED"	"OBSERVED_MISMATCH"	"25984"	"16"	"(frame_238[157]):Execute()"
"Execute"	"OPEN_ARGUMENTS"	"Lotus_Interface_ColorPicker"	"15"	"40"	"method"	"Execute"	"-1"	"true"	"20"	"UIMovie"	"API_CONTRACT"	"semantic-sdk:lua:method:UIMovie:Execute; confidence=LIVE_CONFIRMED; status=CONFIRMED; evidence=WF-STOCK-GENERIC-SETTINGS-UI-2026-08-27; receiver of Execute"	"UNIQUE_METHOD_NAME"	"lua:method:UIMovie:Execute"	"LIVE_CONFIRMED"	"CONFIRMED"	"OPEN_ARGUMENTS"	"993"	"13"	"uIMovie2:Execute(""SetIgnoreTopMenu"", ternaryValue(v15_24, ""true"", ""false""))"
"Execute"	"OUTSIDE_OBSERVED_EXACT_SET"	"Lotus_Interface_ConquestStickerSelect"	"42"	"42"	"method"	"Execute"	"0"	"false"	"33"	"UIMovie"	"API_CONTRACT"	"semantic-sdk:lua:method:UIMovie:Execute; confidence=LIVE_CONFIRMED; status=CONFIRMED; evidence=WF-STOCK-GENERIC-SETTINGS-UI-2026-08-27; receiver of Execute"	"UNIQUE_METHOD_NAME"	"lua:method:UIMovie:Execute"	"LIVE_CONFIRMED"	"CONFIRMED"	"OBSERVED_MISMATCH"	"3688"	"13"	"uIMovie2:Execute()"
"Execute"	"OUTSIDE_OBSERVED_EXACT_SET"	"Lotus_Interface_ConquestStickerSelect"	"45"	"45"	"method"	"Execute"	"0"	"false"	"34"	"UIMovie"	"API_CONTRACT"	"semantic-sdk:lua:method:UIMovie:Execute; confidence=LIVE_CONFIRMED; status=CONFIRMED; evidence=WF-STOCK-GENERIC-SETTINGS-UI-2026-08-27; receiver of Execute"	"UNIQUE_METHOD_NAME"	"lua:method:UIMovie:Execute"	"LIVE_CONFIRMED"	"CONFIRMED"	"OBSERVED_MISMATCH"	"3890"	"17"	"uIMovie2:Execute()"
"Execute"	"OPEN_ARGUMENTS"	"Lotus_Interface_DiegeticArtifactCards"	"133"	"64"	"method"	"Execute"	"-1"	"true"	"31"	"UIMovie"	"API_CONTRACT"	"semantic-sdk:lua:method:UIMovie:Execute; confidence=LIVE_CONFIRMED; status=CONFIRMED; evidence=WF-STOCK-GENERIC-SETTINGS-UI-2026-08-27; receiver of Execute"	"UNIQUE_METHOD_NAME"	"lua:method:UIMovie:Execute"	"LIVE_CONFIRMED"	"CONFIRMED"	"OPEN_ARGUMENTS"	"10486"	"13"	"uIMovie2:Execute(""SetTitle"", v133_33:GetLocalized(""/Lotus/Language/ModFusion/ModQuickSelectTitle"", false))"
"Execute"	"OUTSIDE_OBSERVED_EXACT_SET"	"Lotus_Interface_DiegeticArtifactCards"	"226"	"37"	"method"	"Execute"	"0"	"false"	"21"	"UIMovie"	"API_CONTRACT"	"semantic-sdk:lua:method:UIMovie:Execute; confidence=LIVE_CONFIRMED; status=CONFIRMED; evidence=WF-STOCK-GENERIC-SETTINGS-UI-2026-08-27; receiver of Execute"	"UNIQUE_METHOD_NAME"	"lua:method:UIMovie:Execute"	"LIVE_CONFIRMED"	"CONFIRMED"	"OBSERVED_MISMATCH"	"20979"	"5"	"uIMovie:Execute()"
"Execute"	"OUTSIDE_OBSERVED_EXACT_SET"	"Lotus_Interface_DiegeticFoundry"	"132"	"102"	"method"	"Execute"	"0"	"false"	"87"	"UIMovie"	"API_CONTRACT"	"semantic-sdk:lua:method:UIMovie:Execute; confidence=LIVE_CONFIRMED; status=CONFIRMED; evidence=WF-STOCK-GENERIC-SETTINGS-UI-2026-08-27; receiver of Execute"	"UNIQUE_METHOD_NAME"	"lua:method:UIMovie:Execute"	"LIVE_CONFIRMED"	"CONFIRMED"	"OBSERVED_MISMATCH"	"15459"	"17"	"uIMovie:Execute()"
"Execute"	"OPEN_ARGUMENTS"	"Lotus_Interface_DiegeticFoundry"	"144"	"115"	"method"	"Execute"	"-1"	"true"	"87"	"UIMovie"	"API_CONTRACT"	"semantic-sdk:lua:method:UIMovie:Execute; confidence=LIVE_CONFIRMED; status=CONFIRMED; evidence=WF-STOCK-GENERIC-SETTINGS-UI-2026-08-27; receiver of Execute"	"UNIQUE_METHOD_NAME"	"lua:method:UIMovie:Execute"	"LIVE_CONFIRMED"	"CONFIRMED"	"OPEN_ARGUMENTS"	"16334"	"16"	"(frame_144[87]):Execute(""SetRequiresConfirmation"", frame_144[90](frame_144[93], ""false"", ""true""))"
"Execute"	"OPEN_ARGUMENTS"	"Lotus_Interface_DiegeticUpgradeCards"	"236"	"26"	"method"	"Execute"	"-1"	"true"	"12"	"UIMovie"	"API_CONTRACT"	"semantic-sdk:lua:method:UIMovie:Execute; confidence=LIVE_CONFIRMED; status=CONFIRMED; evidence=WF-STOCK-GENERIC-SETTINGS-UI-2026-08-27; receiver of Execute"	"UNIQUE_METHOD_NAME"	"lua:method:UIMovie:Execute"	"LIVE_CONFIRMED"	"CONFIRMED"	"OPEN_ARGUMENTS"	"26716"	"9"	"uIMovie2:Execute(""SetTitle"", v236_14:GetLocalized(""/Lotus/Language/Menu/RenameConfigs"", true))"
"Execute"	"OPEN_ARGUMENTS"	"Lotus_Interface_DiegeticUpgradeCards"	"247"	"33"	"method"	"Execute"	"-1"	"true"	"17"	"UIMovie"	"API_CONTRACT"	"semantic-sdk:lua:method:UIMovie:Execute; confidence=LIVE_CONFIRMED; status=CONFIRMED; evidence=WF-STOCK-GENERIC-SETTINGS-UI-2026-08-27; receiver of Execute"	"UNIQUE_METHOD_NAME"	"lua:method:UIMovie:Execute"	"LIVE_CONFIRMED"	"CONFIRMED"	"OPEN_ARGUMENTS"	"28086"	"9"	"uIMovie3:Execute(""SetTitle"", v247_19(v247_20:GetLocalized(""/Lotus/Language/Loadout/DuplicateConfigs"", true)))"
"Execute"	"OUTSIDE_OBSERVED_EXACT_SET"	"Lotus_Interface_DiegeticUpgradeCards"	"318"	"45"	"method"	"Execute"	"0"	"false"	"32"	"UIMovie"	"API_CONTRACT"	"semantic-sdk:lua:method:UIMovie:Execute; confidence=LIVE_CONFIRMED; status=CONFIRMED; evidence=WF-STOCK-GENERIC-SETTINGS-UI-2026-08-27; receiver of Execute"	"UNIQUE_METHOD_NAME"	"lua:method:UIMovie:Execute"	"LIVE_CONFIRMED"	"CONFIRMED"	"OBSERVED_MISMATCH"	"36751"	"17"	"uIMovie2:Execute()"
"Execute"	"OPEN_ARGUMENTS"	"Lotus_Interface_DiegeticUpgradeCards"	"321"	"27"	"method"	"Execute"	"-1"	"true"	"18"	"UIMovie"	"API_CONTRACT"	"semantic-sdk:lua:method:UIMovie:Execute; confidence=LIVE_CONFIRMED; status=CONFIRMED; evidence=WF-STOCK-GENERIC-SETTINGS-UI-2026-08-27; receiver of Execute"	"UNIQUE_METHOD_NAME"	"lua:method:UIMovie:Execute"	"LIVE_CONFIRMED"	"CONFIRMED"	"OPEN_ARGUMENTS"	"36973"	"5"	"uIMovie2:Execute(""SetTitle"", v321_20:GetLocalized(""/Lotus/Language/Labels/SelectDamageType"", false))"
"Execute"	"OPEN_ARGUMENTS"	"Lotus_Interface_DiegeticUpgradeCards"	"332"	"52"	"method"	"Execute"	"-1"	"true"	"29"	"UIMovie"	"API_CONTRACT"	"semantic-sdk:lua:method:UIMovie:Execute; confidence=LIVE_CONFIRMED; status=CONFIRMED; evidence=WF-STOCK-GENERIC-SETTINGS-UI-2026-08-27; receiver of Execute"	"UNIQUE_METHOD_NAME"	"lua:method:UIMovie:Execute"	"LIVE_CONFIRMED"	"CONFIRMED"	"OPEN_ARGUMENTS"	"38007"	"9"	"uIMovie2:Execute(""SetTitle"", v332_31:GetLocalized(""/Lotus/Language/Menu/Loadout_Select_Forma"", false))"
"Execute"	"OPEN_ARGUMENTS"	"Lotus_Interface_DiegeticUpgradeCards"	"345"	"25"	"method"	"Execute"	"-1"	"true"	"14"	"UIMovie"	"API_CONTRACT"	"semantic-sdk:lua:method:UIMovie:Execute; confidence=LIVE_CONFIRMED; status=CONFIRMED; evidence=WF-STOCK-GENERIC-SETTINGS-UI-2026-08-27; receiver of Execute"	"UNIQUE_METHOD_NAME"	"lua:method:UIMovie:Execute"	"LIVE_CONFIRMED"	"CONFIRMED"	"OPEN_ARGUMENTS"	"38568"	"9"	"uIMovie2:Execute(""SetTitle"", v345_16:GetLocalized(""/Lotus/Language/Menu/Loadout_Select_Lens"", false))"
"Execute"	"OUTSIDE_OBSERVED_EXACT_SET"	"Lotus_Interface_DiegeticUpgradeCards"	"348"	"52"	"method"	"Execute"	"0"	"false"	"40"	"UIMovie"	"API_CONTRACT"	"semantic-sdk:lua:method:UIMovie:Execute; confidence=LIVE_CONFIRMED; status=CONFIRMED; evidence=WF-STOCK-GENERIC-SETTINGS-UI-2026-08-27; receiver of Execute"	"UNIQUE_METHOD_NAME"	"lua:method:UIMovie:Execute"	"LIVE_CONFIRMED"	"CONFIRMED"	"OBSERVED_MISMATCH"	"39151"	"13"	"uIMovie2:Execute()"
"Execute"	"OPEN_ARGUMENTS"	"Lotus_Interface_DiegeticUpgradeCards"	"353"	"32"	"method"	"Execute"	"-1"	"true"	"33"	"UIMovie"	"API_CONTRACT"	"semantic-sdk:lua:method:UIMovie:Execute; confidence=LIVE_CONFIRMED; status=CONFIRMED; evidence=WF-STOCK-GENERIC-SETTINGS-UI-2026-08-27; receiver of Execute"	"UNIQUE_METHOD_NAME"	"lua:method:UIMovie:Execute"	"LIVE_CONFIRMED"	"CONFIRMED"	"OPEN_ARGUMENTS"	"39475"	"5"	"uIMovie2:Execute(""SetTitle"", v353_35:GetLocalized(""/Lotus/Language/Menu/SelectSpecificItemType"", false, v353_38))"
"Execute"	"OPEN_ARGUMENTS"	"Lotus_Interface_Dojo_DojoRoomSelection"	"61"	"75"	"method"	"Execute"	"-1"	"true"	"39"	"UIMovie"	"API_CONTRACT"	"semantic-sdk:lua:method:UIMovie:Execute; confidence=LIVE_CONFIRMED; status=CONFIRMED; evidence=WF-STOCK-GENERIC-SETTINGS-UI-2026-08-27; receiver of Execute"	"UNIQUE_METHOD_NAME"	"lua:method:UIMovie:Execute"	"LIVE_CONFIRMED"	"CONFIRMED"	"OPEN_ARGUMENTS"	"6161"	"16"	"(frame_61[39]):Execute(""SetTitle"", frame_61[60](""/Lotus/Language/Dojo/DecoTemplateTitle"", frame_61[62]))"
"Execute"	"OPEN_ARGUMENTS"	"Lotus_Interface_Dojo_DojoRoomUpgradesAndDestruction"	"64"	"150"	"method"	"Execute"	"-1"	"true"	"130"	"UIMovie"	"API_CONTRACT"	"semantic-sdk:lua:method:UIMovie:Execute; confidence=LIVE_CONFIRMED; status=CONFIRMED; evidence=WF-STOCK-GENERIC-SETTINGS-UI-2026-08-27; receiver of Execute"	"UNIQUE_METHOD_NAME"	"lua:method:UIMovie:Execute"	"LIVE_CONFIRMED"	"CONFIRMED"	"OPEN_ARGUMENTS"	"3884"	"16"	"(frame_64[130]):Execute(""SetTitle"", frame_64[132](""/Lotus/Language/Dojo/BackdropSelectionTitle"", frame_64[134]))"
"Execute"	"OPEN_ARGUMENTS"	"Lotus_Interface_Dojo_ResearchContribution"	"64"	"85"	"method"	"Execute"	"-1"	"true"	"68"	"UIMovie"	"API_CONTRACT"	"semantic-sdk:lua:method:UIMovie:Execute; confidence=LIVE_CONFIRMED; status=CONFIRMED; evidence=WF-STOCK-GENERIC-SETTINGS-UI-2026-08-27; receiver of Execute"	"UNIQUE_METHOD_NAME"	"lua:method:UIMovie:Execute"	"LIVE_CONFIRMED"	"CONFIRMED"	"OPEN_ARGUMENTS"	"4992"	"16"	"(frame_64[68]):Execute(frame_64[69], frame_64[71](frame_64[72], ""true"", ""false""))"
"Execute"	"OUTSIDE_OBSERVED_EXACT_SET"	"Lotus_Interface_Dojo_ResearchSelection"	"79"	"83"	"method"	"Execute"	"0"	"false"	"73"	"UIMovie"	"API_CONTRACT"	"semantic-sdk:lua:method:UIMovie:Execute; confidence=LIVE_CONFIRMED; status=CONFIRMED; evidence=WF-STOCK-GENERIC-SETTINGS-UI-2026-08-27; receiver of Execute"	"UNIQUE_METHOD_NAME"	"lua:method:UIMovie:Execute"	"LIVE_CONFIRMED"	"CONFIRMED"	"OBSERVED_MISMATCH"	"9148"	"13"	"uIMovie:Execute()"
"Execute"	"OPEN_ARGUMENTS"	"Lotus_Interface_Dojo_Trade"	"59"	"81"	"method"	"Execute"	"-1"	"true"	"56"	"UIMovie"	"API_CONTRACT"	"semantic-sdk:lua:method:UIMovie:Execute; confidence=LIVE_CONFIRMED; status=CONFIRMED; evidence=WF-STOCK-GENERIC-SETTINGS-UI-2026-08-27; receiver of Execute"	"UNIQUE_METHOD_NAME"	"lua:method:UIMovie:Execute"	"LIVE_CONFIRMED"	"CONFIRMED"	"OPEN_ARGUMENTS"	"5706"	"9"	"uIMovie2:Execute(""SetTitle"", v59_58:GetLocalized(""/Lotus/Language/Menu/Composition_SaveSongOver"", false, v59_61))"
"Execute"	"OPEN_ARGUMENTS"	"Lotus_Interface_Dojo_VaultContribution"	"16"	"18"	"method"	"Execute"	"-1"	"true"	"6"	"UIMovie"	"API_CONTRACT"	"semantic-sdk:lua:method:UIMovie:Execute; confidence=LIVE_CONFIRMED; status=CONFIRMED; evidence=WF-STOCK-GENERIC-SETTINGS-UI-2026-08-27; receiver of Execute"	"UNIQUE_METHOD_NAME"	"lua:method:UIMovie:Execute"	"LIVE_CONFIRMED"	"CONFIRMED"	"OPEN_ARGUMENTS"	"748"	"5"	"uIMovie:Execute(""SetTitle"", v16_8(v16_16, tableValue))"
"Execute"	"OUTSIDE_OBSERVED_EXACT_SET"	"Lotus_Interface_DuviriEndlessSetup"	"19"	"249"	"method"	"Execute"	"0"	"false"	"230"	"UIMovie"	"API_CONTRACT"	"semantic-sdk:lua:method:UIMovie:Execute; confidence=LIVE_CONFIRMED; status=CONFIRMED; evidence=WF-STOCK-GENERIC-SETTINGS-UI-2026-08-27; receiver of Execute"	"UNIQUE_METHOD_NAME"	"lua:method:UIMovie:Execute"	"LIVE_CONFIRMED"	"CONFIRMED"	"OBSERVED_MISMATCH"	"2154"	"16"	"(frame_19[230]):Execute()"
"Execute"	"OUTSIDE_OBSERVED_EXACT_SET"	"Lotus_Interface_DuviriEndlessSetup"	"51"	"41"	"method"	"Execute"	"0"	"false"	"31"	"UIMovie"	"API_CONTRACT"	"semantic-sdk:lua:method:UIMovie:Execute; confidence=LIVE_CONFIRMED; status=CONFIRMED; evidence=WF-STOCK-GENERIC-SETTINGS-UI-2026-08-27; receiver of Execute"	"UNIQUE_METHOD_NAME"	"lua:method:UIMovie:Execute"	"LIVE_CONFIRMED"	"CONFIRMED"	"OBSERVED_MISMATCH"	"5642"	"16"	"(frame_51[31]):Execute()"
"Execute"	"OUTSIDE_OBSERVED_EXACT_SET"	"Lotus_Interface_DuviriEndlessSetup"	"52"	"58"	"method"	"Execute"	"0"	"false"	"45"	"UIMovie"	"API_CONTRACT"	"semantic-sdk:lua:method:UIMovie:Execute; confidence=LIVE_CONFIRMED; status=CONFIRMED; evidence=WF-STOCK-GENERIC-SETTINGS-UI-2026-08-27; receiver of Execute"	"UNIQUE_METHOD_NAME"	"lua:method:UIMovie:Execute"	"LIVE_CONFIRMED"	"CONFIRMED"	"OBSERVED_MISMATCH"	"5741"	"16"	"(frame_52[45]):Execute()"
"Execute"	"OUTSIDE_OBSERVED_EXACT_SET"	"Lotus_Interface_EndOfQuest"	"18"	"22"	"method"	"Execute"	"0"	"false"	"15"	"UIMovie"	"API_CONTRACT"	"semantic-sdk:lua:method:UIMovie:Execute; confidence=LIVE_CONFIRMED; status=CONFIRMED; evidence=WF-STOCK-GENERIC-SETTINGS-UI-2026-08-27; receiver of Execute"	"UNIQUE_METHOD_NAME"	"lua:method:UIMovie:Execute"	"LIVE_CONFIRMED"	"CONFIRMED"	"OBSERVED_MISMATCH"	"864"	"13"	"uIMovie2:Execute()"
"Execute"	"OUTSIDE_OBSERVED_EXACT_SET"	"Lotus_Interface_EndOfQuest"	"27"	"69"	"method"	"Execute"	"0"	"false"	"51"	"UIMovie"	"API_CONTRACT"	"semantic-sdk:lua:method:UIMovie:Execute; confidence=LIVE_CONFIRMED; status=CONFIRMED; evidence=WF-STOCK-GENERIC-SETTINGS-UI-2026-08-27; receiver of Execute"	"UNIQUE_METHOD_NAME"	"lua:method:UIMovie:Execute"	"LIVE_CONFIRMED"	"CONFIRMED"	"OBSERVED_MISMATCH"	"2138"	"17"	"uIMovie3:Execute()"
"Execute"	"OUTSIDE_OBSERVED_EXACT_SET"	"Lotus_Interface_EntratiVendorCust"	"8"	"61"	"method"	"Execute"	"0"	"false"	"47"	"UIMovie"	"API_CONTRACT"	"semantic-sdk:lua:method:UIMovie:Execute; confidence=LIVE_CONFIRMED; status=CONFIRMED; evidence=WF-STOCK-GENERIC-SETTINGS-UI-2026-08-27; receiver of Execute"	"UNIQUE_METHOD_NAME"	"lua:method:UIMovie:Execute"	"LIVE_CONFIRMED"	"CONFIRMED"	"OBSERVED_MISMATCH"	"684"	"16"	"(frame_8[47]):Execute()"
"Execute"	"OPEN_ARGUMENTS"	"Lotus_Interface_Friends"	"110"	"52"	"method"	"Execute"	"-1"	"true"	"36"	"UIMovie"	"API_CONTRACT"	"semantic-sdk:lua:method:UIMovie:Execute; confidence=LIVE_CONFIRMED; status=CONFIRMED; evidence=WF-STOCK-GENERIC-SETTINGS-UI-2026-08-27; receiver of Execute"	"UNIQUE_METHOD_NAME"	"lua:method:UIMovie:Execute"	"LIVE_CONFIRMED"	"CONFIRMED"	"OPEN_ARGUMENTS"	"6832"	"9"	"uIMovie2:Execute(""SetTitle"", v110_38:GetLocalized(""/Lotus/Language/Menu/SocialOverlay_AddFriend"", true))"
"Execute"	"OPEN_ARGUMENTS"	"Lotus_Interface_GenericVendor"	"26"	"42"	"method"	"Execute"	"-1"	"true"	"23"	"UIMovie"	"API_CONTRACT"	"semantic-sdk:lua:method:UIMovie:Execute; confidence=LIVE_CONFIRMED; status=CONFIRMED; evidence=WF-STOCK-GENERIC-SETTINGS-UI-2026-08-27; receiver of Execute"	"UNIQUE_METHOD_NAME"	"lua:method:UIMovie:Execute"	"LIVE_CONFIRMED"	"CONFIRMED"	"OPEN_ARGUMENTS"	"2185"	"20"	"(frame_26[23]):Execute(""BuyItem"", frame_26[26](frame_26[27], ""true"", ""false""))"
"Execute"	"OUTSIDE_OBSERVED_EXACT_SET"	"Lotus_Interface_GeneticLab"	"9"	"84"	"method"	"Execute"	"0"	"false"	"71"	"UIMovie"	"API_CONTRACT"	"semantic-sdk:lua:method:UIMovie:Execute; confidence=LIVE_CONFIRMED; status=CONFIRMED; evidence=WF-STOCK-GENERIC-SETTINGS-UI-2026-08-27; receiver of Execute"	"UNIQUE_METHOD_NAME"	"lua:method:UIMovie:Execute"	"LIVE_CONFIRMED"	"CONFIRMED"	"OBSERVED_MISMATCH"	"780"	"17"	"uIMovie:Execute()"
"Execute"	"OUTSIDE_OBSERVED_EXACT_SET"	"Lotus_Interface_GeneticLab"	"67"	"33"	"method"	"Execute"	"0"	"false"	"23"	"UIMovie"	"API_CONTRACT"	"semantic-sdk:lua:method:UIMovie:Execute; confidence=LIVE_CONFIRMED; status=CONFIRMED; evidence=WF-STOCK-GENERIC-SETTINGS-UI-2026-08-27; receiver of Execute"	"UNIQUE_METHOD_NAME"	"lua:method:UIMovie:Execute"	"LIVE_CONFIRMED"	"CONFIRMED"	"OBSERVED_MISMATCH"	"4341"	"13"	"uIMovie2:Execute()"
"Execute"	"OUTSIDE_OBSERVED_EXACT_SET"	"Lotus_Interface_Hub"	"9"	"118"	"method"	"Execute"	"0"	"false"	"108"	"UIMovie"	"API_CONTRACT"	"semantic-sdk:lua:method:UIMovie:Execute; confidence=LIVE_CONFIRMED; status=CONFIRMED; evidence=WF-STOCK-GENERIC-SETTINGS-UI-2026-08-27; receiver of Execute"	"UNIQUE_METHOD_NAME"	"lua:method:UIMovie:Execute"	"LIVE_CONFIRMED"	"CONFIRMED"	"OBSERVED_MISMATCH"	"1179"	"16"	"(frame_9[108]):Execute()"
"Execute"	"OPEN_ARGUMENTS"	"Lotus_Interface_InlineLoadout"	"29"	"443"	"method"	"Execute"	"-1"	"true"	"336"	"UIMovie"	"API_CONTRACT"	"semantic-sdk:lua:method:UIMovie:Execute; confidence=LIVE_CONFIRMED; status=CONFIRMED; evidence=WF-STOCK-GENERIC-SETTINGS-UI-2026-08-27; receiver of Execute"	"UNIQUE_METHOD_NAME"	"lua:method:UIMovie:Execute"	"LIVE_CONFIRMED"	"CONFIRMED"	"OPEN_ARGUMENTS"	"4771"	"16"	"(frame_29[336]):Execute(""SetTitle"", (frame_29[338]):GetLocalized(frame_29[339], false))"
"Execute"	"OPEN_ARGUMENTS"	"Lotus_Interface_InlineLoadout"	"34"	"35"	"method"	"Execute"	"-1"	"true"	"23"	"UIMovie"	"API_CONTRACT"	"semantic-sdk:lua:method:UIMovie:Execute; confidence=LIVE_CONFIRMED; status=CONFIRMED; evidence=WF-STOCK-GENERIC-SETTINGS-UI-2026-08-27; receiver of Execute"	"UNIQUE_METHOD_NAME"	"lua:method:UIMovie:Execute"	"LIVE_CONFIRMED"	"CONFIRMED"	"OPEN_ARGUMENTS"	"5114"	"21"	"uIMovie2:Execute(""SetFocusAbility"", abilityValue:GetFullName())"
"Execute"	"OPEN_ARGUMENTS"	"Lotus_Interface_InlineLoadout"	"36"	"103"	"method"	"Execute"	"-1"	"true"	"77"	"UIMovie"	"API_CONTRACT"	"semantic-sdk:lua:method:UIMovie:Execute; confidence=LIVE_CONFIRMED; status=CONFIRMED; evidence=WF-STOCK-GENERIC-SETTINGS-UI-2026-08-27; receiver of Execute"	"UNIQUE_METHOD_NAME"	"lua:method:UIMovie:Execute"	"LIVE_CONFIRMED"	"CONFIRMED"	"OPEN_ARGUMENTS"	"5155"	"13"	"uIMovie7:Execute(""SetTitle"", v36_79:GetLocalized(""/Lotus/Language/Loadout/MapPanel_FocusSchoolSwap"", false))"
"Execute"	"OUTSIDE_OBSERVED_EXACT_SET"	"Lotus_Interface_InventoryTest"	"150"	"35"	"method"	"Execute"	"0"	"false"	"23"	"UIMovie"	"API_CONTRACT"	"semantic-sdk:lua:method:UIMovie:Execute; confidence=LIVE_CONFIRMED; status=CONFIRMED; evidence=WF-STOCK-GENERIC-SETTINGS-UI-2026-08-27; receiver of Execute"	"UNIQUE_METHOD_NAME"	"lua:method:UIMovie:Execute"	"LIVE_CONFIRMED"	"CONFIRMED"	"OBSERVED_MISMATCH"	"20249"	"13"	"uIMovie:Execute()"
"Execute"	"OPEN_ARGUMENTS"	"Lotus_Interface_ItemBrowsing"	"21"	"83"	"method"	"Execute"	"-1"	"true"	"71"	"UIMovie"	"API_CONTRACT"	"semantic-sdk:lua:method:UIMovie:Execute; confidence=LIVE_CONFIRMED; status=CONFIRMED; evidence=WF-STOCK-GENERIC-SETTINGS-UI-2026-08-27; receiver of Execute"	"UNIQUE_METHOD_NAME"	"lua:method:UIMovie:Execute"	"LIVE_CONFIRMED"	"CONFIRMED"	"OPEN_ARGUMENTS"	"1051"	"9"	"uIMovie3:Execute(""SetTitle"", v21_73(""/Lotus/Language/Dojo/DecoTemplateTitle"", v21_75))"
"Execute"	"OPEN_ARGUMENTS"	"Lotus_Interface_ItemBrowsing"	"21"	"93"	"method"	"Execute"	"-1"	"true"	"82"	"UIMovie"	"API_CONTRACT"	"semantic-sdk:lua:method:UIMovie:Execute; confidence=LIVE_CONFIRMED; status=CONFIRMED; evidence=WF-STOCK-GENERIC-SETTINGS-UI-2026-08-27; receiver of Execute"	"UNIQUE_METHOD_NAME"	"lua:method:UIMovie:Execute"	"LIVE_CONFIRMED"	"CONFIRMED"	"OPEN_ARGUMENTS"	"1045"	"9"	"uIMovie4:Execute(""SetTitle"", v21_84(""/Lotus/Language/Dojo/DecoTemplateTitle"", v21_86))"
"Execute"	"OPEN_ARGUMENTS"	"Lotus_Interface_ItemBrowsing"	"28"	"46"	"method"	"Execute"	"-1"	"true"	"28"	"UIMovie"	"API_CONTRACT"	"semantic-sdk:lua:method:UIMovie:Execute; confidence=LIVE_CONFIRMED; status=CONFIRMED; evidence=WF-STOCK-GENERIC-SETTINGS-UI-2026-08-27; receiver of Execute"	"UNIQUE_METHOD_NAME"	"lua:method:UIMovie:Execute"	"LIVE_CONFIRMED"	"CONFIRMED"	"OPEN_ARGUMENTS"	"1492"	"16"	"(frame_28[28]):Execute(""SetText"", (frame_28[30]):GetLocalized(""/Lotus/Language/Menu/NeedToSelectMore"", false, frame_28[33]))"
"Execute"	"OPEN_ARGUMENTS"	"Lotus_Interface_Libs_DojoMgrHelper"	"55"	"85"	"method"	"Execute"	"-1"	"true"	"59"	"UIMovie"	"API_CONTRACT"	"semantic-sdk:lua:method:UIMovie:Execute; confidence=LIVE_CONFIRMED; status=CONFIRMED; evidence=WF-STOCK-GENERIC-SETTINGS-UI-2026-08-27; receiver of Execute"	"UNIQUE_METHOD_NAME"	"lua:method:UIMovie:Execute"	"LIVE_CONFIRMED"	"CONFIRMED"	"OPEN_ARGUMENTS"	"5075"	"17"	"uIMovie:Execute(""SetTitle"", v55_76(""/Lotus/Language/Menu/PickDeco"", nil))"
"Execute"	"OPEN_ARGUMENTS"	"Lotus_Interface_Libs_DojoMgrHelper"	"55"	"94"	"method"	"Execute"	"-1"	"true"	"59"	"UIMovie"	"API_CONTRACT"	"semantic-sdk:lua:method:UIMovie:Execute; confidence=LIVE_CONFIRMED; status=CONFIRMED; evidence=WF-STOCK-GENERIC-SETTINGS-UI-2026-08-27; receiver of Execute"	"UNIQUE_METHOD_NAME"	"lua:method:UIMovie:Execute"	"LIVE_CONFIRMED"	"CONFIRMED"	"OPEN_ARGUMENTS"	"5072"	"17"	"uIMovie:Execute(""SetTitle"", v55_85(""/Lotus/Language/Menu/PickVaultDeco"", v55_87))"
"Execute"	"OUTSIDE_OBSERVED_EXACT_SET"	"Lotus_Interface_LisetCustomization"	"10"	"39"	"method"	"Execute"	"0"	"false"	"28"	"UIMovie"	"API_CONTRACT"	"semantic-sdk:lua:method:UIMovie:Execute; confidence=LIVE_CONFIRMED; status=CONFIRMED; evidence=WF-STOCK-GENERIC-SETTINGS-UI-2026-08-27; receiver of Execute"	"UNIQUE_METHOD_NAME"	"lua:method:UIMovie:Execute"	"LIVE_CONFIRMED"	"CONFIRMED"	"OBSERVED_MISMATCH"	"427"	"9"	"uIMovie3:Execute()"
"Execute"	"OUTSIDE_OBSERVED_EXACT_SET"	"Lotus_Interface_LisetCustomization"	"12"	"49"	"method"	"Execute"	"0"	"false"	"34"	"UIMovie"	"API_CONTRACT"	"semantic-sdk:lua:method:UIMovie:Execute; confidence=LIVE_CONFIRMED; status=CONFIRMED; evidence=WF-STOCK-GENERIC-SETTINGS-UI-2026-08-27; receiver of Execute"	"UNIQUE_METHOD_NAME"	"lua:method:UIMovie:Execute"	"LIVE_CONFIRMED"	"CONFIRMED"	"OBSERVED_MISMATCH"	"536"	"9"	"uIMovie2:Execute()"
"Execute"	"OPEN_ARGUMENTS"	"Lotus_Interface_LisetCustomization"	"54"	"26"	"method"	"Execute"	"-1"	"true"	"0"	"UIMovie"	"API_CONTRACT"	"semantic-sdk:lua:method:UIMovie:Execute; confidence=LIVE_CONFIRMED; status=CONFIRMED; evidence=WF-STOCK-GENERIC-SETTINGS-UI-2026-08-27; receiver of Execute"	"UNIQUE_METHOD_NAME"	"lua:method:UIMovie:Execute"	"LIVE_CONFIRMED"	"CONFIRMED"	"OPEN_ARGUMENTS"	"2984"	"21"	"uIMovie:Execute(""SetIgnoreTopMenu"", ternaryValue(v54_17, ""true"", ""false""))"
"Execute"	"OPEN_ARGUMENTS"	"Lotus_Interface_LoadOutSelect"	"29"	"20"	"method"	"Execute"	"-1"	"true"	"9"	"UIMovie"	"API_CONTRACT"	"semantic-sdk:lua:method:UIMovie:Execute; confidence=LIVE_CONFIRMED; status=CONFIRMED; evidence=WF-STOCK-GENERIC-SETTINGS-UI-2026-08-27; receiver of Execute"	"UNIQUE_METHOD_NAME"	"lua:method:UIMovie:Execute"	"LIVE_CONFIRMED"	"CONFIRMED"	"OPEN_ARGUMENTS"	"1879"	"9"	"uIMovie2:Execute(""SetTitle"", v29_11:GetLocalized(""/Lotus/Language/SystemMessages/SelectLoadoutIcon"", false))"
"Execute"	"OUTSIDE_OBSERVED_EXACT_SET"	"Lotus_Interface_LoadOutSelect"	"82"	"53"	"method"	"Execute"	"0"	"false"	"39"	"UIMovie"	"API_CONTRACT"	"semantic-sdk:lua:method:UIMovie:Execute; confidence=LIVE_CONFIRMED; status=CONFIRMED; evidence=WF-STOCK-GENERIC-SETTINGS-UI-2026-08-27; receiver of Execute"	"UNIQUE_METHOD_NAME"	"lua:method:UIMovie:Execute"	"LIVE_CONFIRMED"	"CONFIRMED"	"OBSERVED_MISMATCH"	"8855"	"16"	"(frame_82[39]):Execute()"
"Execute"	"OUTSIDE_OBSERVED_EXACT_SET"	"Lotus_Interface_MapRedux"	"203"	"11"	"method"	"Execute"	"0"	"false"	"5"	"UIMovie"	"API_CONTRACT"	"semantic-sdk:lua:method:UIMovie:Execute; confidence=LIVE_CONFIRMED; status=CONFIRMED; evidence=WF-STOCK-GENERIC-SETTINGS-UI-2026-08-27; receiver of Execute"	"UNIQUE_METHOD_NAME"	"lua:method:UIMovie:Execute"	"LIVE_CONFIRMED"	"CONFIRMED"	"OBSERVED_MISMATCH"	"27968"	"21"	"uIMovie:Execute()"
"GetCustomization"	"OUTSIDE_OBSERVED_EXACT_SET"	"Lotus_Interface_Hub"	"72"	"193"	"method"	"GetCustomization"	"2"	"false"	"3"	"AvatarOrItem"	"CORPUS_CATALOG"	"semantic-sdk:lua:method:AvatarOrItem:GetCustomization; confidence=OBSERVED_VARIABLE_OR_OPEN; status=CATALOG_ONLY; evidence=; receiver of GetCustomization"	"UNIQUE_METHOD_NAME"	"lua:method:AvatarOrItem:GetCustomization"	"OBSERVED_VARIABLE_OR_OPEN"	"CATALOG_ONLY"	"OBSERVED_MISMATCH"	"9257"	"37"	"(frame_72[3]):GetCustomization(0, frame_72[226])"
"GetCustomization"	"OUTSIDE_OBSERVED_EXACT_SET"	"Lotus_Interface_KubrowImprint"	"8"	"206"	"method"	"GetCustomization"	"2"	"false"	"198"	"AvatarOrItem"	"CORPUS_CATALOG"	"semantic-sdk:lua:method:AvatarOrItem:GetCustomization; confidence=OBSERVED_VARIABLE_OR_OPEN; status=CATALOG_ONLY; evidence=; receiver of GetCustomization"	"UNIQUE_METHOD_NAME"	"lua:method:AvatarOrItem:GetCustomization"	"OBSERVED_VARIABLE_OR_OPEN"	"CATALOG_ONLY"	"OBSERVED_MISMATCH"	"686"	"28"	"(frame_8[198]):GetCustomization(frame_8[200], false)"
"GetCustomization"	"OUTSIDE_OBSERVED_EXACT_SET"	"Lotus_Interface_KubrowImprint"	"17"	"76"	"method"	"GetCustomization"	"2"	"false"	"39"	"AvatarOrItem"	"CORPUS_CATALOG"	"semantic-sdk:lua:method:AvatarOrItem:GetCustomization; confidence=OBSERVED_VARIABLE_OR_OPEN; status=CATALOG_ONLY; evidence=; receiver of GetCustomization"	"UNIQUE_METHOD_NAME"	"lua:method:AvatarOrItem:GetCustomization"	"OBSERVED_VARIABLE_OR_OPEN"	"CATALOG_ONLY"	"OBSERVED_MISMATCH"	"1344"	"39"	"(frame_17[39]):GetCustomization(frame_17[152], frame_17[153])"
"GetCustomization"	"OPEN_ARGUMENTS"	"Lotus_Interface_LoadOutRedux"	"94"	"89"	"method"	"GetCustomization"	"-1"	"true"	"0"	"AvatarOrItem"	"CORPUS_CATALOG"	"semantic-sdk:lua:method:AvatarOrItem:GetCustomization; confidence=OBSERVED_VARIABLE_OR_OPEN; status=CATALOG_ONLY; evidence=; receiver of GetCustomization"	"UNIQUE_METHOD_NAME"	"lua:method:AvatarOrItem:GetCustomization"	"OBSERVED_VARIABLE_OR_OPEN"	"CATALOG_ONLY"	"OPEN_ARGUMENTS"	"17276"	"37"	"avatarOrItem:GetCustomization(0, v94_78:GetWeaponSkins())"
"GetCustomization"	"OPEN_ARGUMENTS"	"Lotus_Interface_LoadOutRedux"	"95"	"181"	"method"	"GetCustomization"	"-1"	"true"	"0"	"AvatarOrItem"	"CORPUS_CATALOG"	"semantic-sdk:lua:method:AvatarOrItem:GetCustomization; confidence=OBSERVED_VARIABLE_OR_OPEN; status=CATALOG_ONLY; evidence=; receiver of GetCustomization"	"UNIQUE_METHOD_NAME"	"lua:method:AvatarOrItem:GetCustomization"	"OBSERVED_VARIABLE_OR_OPEN"	"CATALOG_ONLY"	"OPEN_ARGUMENTS"	"17536"	"29"	"p95_0:GetCustomization(0, (frame_95[191]):GetWeaponSkins())"
"GetCustomization"	"OPEN_ARGUMENTS"	"Lotus_Interface_LoadoutUtilities"	"37"	"63"	"method"	"GetCustomization"	"-1"	"true"	"39"	"AvatarOrItem"	"CORPUS_CATALOG"	"semantic-sdk:lua:method:AvatarOrItem:GetCustomization; confidence=OBSERVED_VARIABLE_OR_OPEN; status=CATALOG_ONLY; evidence=; receiver of GetCustomization"	"UNIQUE_METHOD_NAME"	"lua:method:AvatarOrItem:GetCustomization"	"OBSERVED_VARIABLE_OR_OPEN"	"CATALOG_ONLY"	"OPEN_ARGUMENTS"	"3345"	"28"	"(frame_37[39]):GetCustomization(0, (frame_37[5]):GetWeaponSkins())"
"GetCustomization"	"OPEN_ARGUMENTS"	"Lotus_Interface_LoadoutUtilities"	"37"	"89"	"method"	"GetCustomization"	"-1"	"true"	"64"	"AvatarOrItem"	"CORPUS_CATALOG"	"semantic-sdk:lua:method:AvatarOrItem:GetCustomization; confidence=OBSERVED_VARIABLE_OR_OPEN; status=CATALOG_ONLY; evidence=; receiver of GetCustomization"	"UNIQUE_METHOD_NAME"	"lua:method:AvatarOrItem:GetCustomization"	"OBSERVED_VARIABLE_OR_OPEN"	"CATALOG_ONLY"	"OPEN_ARGUMENTS"	"3372"	"28"	"(frame_37[64]):GetCustomization(0, (frame_37[5]):GetWeaponSkins())"
"GetCustomization"	"OPEN_ARGUMENTS"	"Lotus_Interface_LoadoutUtilities"	"37"	"168"	"method"	"GetCustomization"	"-1"	"true"	"91"	"AvatarOrItem"	"CORPUS_CATALOG"	"semantic-sdk:lua:method:AvatarOrItem:GetCustomization; confidence=OBSERVED_VARIABLE_OR_OPEN; status=CATALOG_ONLY; evidence=; receiver of GetCustomization"	"UNIQUE_METHOD_NAME"	"lua:method:AvatarOrItem:GetCustomization"	"OBSERVED_VARIABLE_OR_OPEN"	"CATALOG_ONLY"	"OPEN_ARGUMENTS"	"3490"	"29"	"(frame_37[91]):GetCustomization(0, (frame_37[5]):GetWeaponSkins())"
"GetCustomization"	"OPEN_ARGUMENTS"	"Lotus_Interface_LoadoutUtilities"	"61"	"177"	"method"	"GetCustomization"	"-1"	"true"	"0"	"AvatarOrItem"	"CORPUS_CATALOG"	"semantic-sdk:lua:method:AvatarOrItem:GetCustomization; confidence=OBSERVED_VARIABLE_OR_OPEN; status=CATALOG_ONLY; evidence=; receiver of GetCustomization"	"UNIQUE_METHOD_NAME"	"lua:method:AvatarOrItem:GetCustomization"	"OBSERVED_VARIABLE_OR_OPEN"	"CATALOG_ONLY"	"OPEN_ARGUMENTS"	"7354"	"37"	"p61_0:GetCustomization(0, p61_2:GetWeaponSkins())"
"GetCustomization"	"OPEN_ARGUMENTS"	"Lotus_Interface_LoadoutUtilities"	"62"	"91"	"method"	"GetCustomization"	"-1"	"true"	"0"	"AvatarOrItem"	"CORPUS_CATALOG"	"semantic-sdk:lua:method:AvatarOrItem:GetCustomization; confidence=OBSERVED_VARIABLE_OR_OPEN; status=CATALOG_ONLY; evidence=; receiver of GetCustomization"	"UNIQUE_METHOD_NAME"	"lua:method:AvatarOrItem:GetCustomization"	"OBSERVED_VARIABLE_OR_OPEN"	"CATALOG_ONLY"	"OPEN_ARGUMENTS"	"7622"	"37"	"avatarOrItem:GetCustomization(0, p62_2:GetWeaponSkins())"
"GetUpgradeModifiedValue"	"OUTSIDE_OBSERVED_EXACT_SET"	"Lotus_Interface_BoonSelection"	"20"	"19"	"method"	"GetUpgradeModifiedValue"	"6"	"false"	"9"	"InventoryControl"	"CORPUS_CATALOG"	"semantic-sdk:lua:method:Avatar:InventoryControl; confidence=OBSERVED_STABLE_ARGS; status=CATALOG_ONLY; evidence=; result of InventoryControl"	"RECEIVER_TYPE_CONFLICT"	"lua:method:PowerSuit:GetUpgradeModifiedValue"	"OBSERVED_VARIABLE_OR_OPEN"	"CATALOG_ONLY"	"OBSERVED_MISMATCH"	"948"	"33"	"inventoryControl:GetUpgradeModifiedValue(v20_10, 418, nil, nil, 25, sSkillRerollBoonValue)"
"GetUpgradeModifiedValue"	"OPEN_ARGUMENTS"	"Lotus_Interface_Components_StatCompare"	"18"	"626"	"method"	"GetUpgradeModifiedValue"	"-1"	"true"	"290"	""	""	""	"UNIQUE_METHOD_NAME"	"lua:method:PowerSuit:GetUpgradeModifiedValue"	"OBSERVED_VARIABLE_OR_OPEN"	"CATALOG_ONLY"	"OPEN_ARGUMENTS"	"2800"	"29"	"(frame_18[290]):GetUpgradeModifiedValue(1, 152, frame_18[711], frame_18[712], 25, frame_18[714](""ARCHWING_SPRINT_SPEED""))"
"GetUpgradeModifiedValue"	"OUTSIDE_OBSERVED_EXACT_SET"	"Lotus_Interface_Components_StatCompare"	"38"	"1020"	"method"	"GetUpgradeModifiedValue"	"6"	"false"	"761"	"InventoryControl"	"CORPUS_CATALOG"	"semantic-sdk:lua:method:Avatar:InventoryControl; confidence=OBSERVED_STABLE_ARGS; status=CATALOG_ONLY; evidence=; result of InventoryControl"	"RECEIVER_TYPE_CONFLICT"	"lua:method:PowerSuit:GetUpgradeModifiedValue"	"OBSERVED_VARIABLE_OR_OPEN"	"CATALOG_ONLY"	"OBSERVED_MISMATCH"	"6586"	"42"	"(frame_38[761]):GetUpgradeModifiedValue(1, 275, frame_38[2060], frame_38[2061], 25, frame_38[2063])"
"GetUpgradeModifiedValue"	"OPEN_ARGUMENTS"	"Lotus_Interface_Components_StatCompare"	"38"	"2415"	"method"	"GetUpgradeModifiedValue"	"-1"	"true"	"761"	"InventoryControl"	"CORPUS_CATALOG"	"semantic-sdk:lua:method:Avatar:InventoryControl; confidence=OBSERVED_STABLE_ARGS; status=CATALOG_ONLY; evidence=; result of InventoryControl"	"RECEIVER_TYPE_CONFLICT"	"lua:method:PowerSuit:GetUpgradeModifiedValue"	"OBSERVED_VARIABLE_OR_OPEN"	"CATALOG_ONLY"	"OPEN_ARGUMENTS"	"8454"	"42"	"(frame_38[761]):GetUpgradeModifiedValue(frame_38[3696], 220, p38_1:GetAmmoExType())"
"GetUpgradeModifiedValue"	"OUTSIDE_OBSERVED_EXACT_SET"	"Lotus_Interface_Components_StatCompare"	"38"	"2540"	"method"	"GetUpgradeModifiedValue"	"3"	"false"	"761"	"InventoryControl"	"CORPUS_CATALOG"	"semantic-sdk:lua:method:Avatar:InventoryControl; confidence=OBSERVED_STABLE_ARGS; status=CATALOG_ONLY; evidence=; result of InventoryControl"	"RECEIVER_TYPE_CONFLICT"	"lua:method:PowerSuit:GetUpgradeModifiedValue"	"OBSERVED_VARIABLE_OR_OPEN"	"CATALOG_ONLY"	"OBSERVED_MISMATCH"	"8625"	"42"	"(frame_38[761]):GetUpgradeModifiedValue(frame_38[3886], 222, frame_38[3888])"
"PlaySound"	"OUTSIDE_OBSERVED_EXACT_SET"	"Lotus_Interface_Components_ThemedButton"	"24"	"13"	"method"	"PlaySound"	"1"	"false"	"0"	"AvatarOrEntity"	"CORPUS_CATALOG"	"semantic-sdk:lua:method:AvatarOrEntity:PlaySound; confidence=OBSERVED_VARIABLE_OR_OPEN; status=CATALOG_ONLY; evidence=; receiver of PlaySound"	"UNIQUE_METHOD_NAME"	"lua:method:AvatarOrEntity:PlaySound"	"OBSERVED_VARIABLE_OR_OPEN"	"CATALOG_ONLY"	"OBSERVED_MISMATCH"	"1260"	"21"	"avatarOrEntity:PlaySound(mFocusSoundValue2)"
"PlaySound"	"OUTSIDE_OBSERVED_EXACT_SET"	"Lotus_Interface_Components_ThemedButton"	"24"	"18"	"method"	"PlaySound"	"1"	"false"	"0"	"AvatarOrEntity"	"CORPUS_CATALOG"	"semantic-sdk:lua:method:AvatarOrEntity:PlaySound; confidence=OBSERVED_VARIABLE_OR_OPEN; status=CATALOG_ONLY; evidence=; receiver of PlaySound"	"UNIQUE_METHOD_NAME"	"lua:method:AvatarOrEntity:PlaySound"	"OBSERVED_VARIABLE_OR_OPEN"	"CATALOG_ONLY"	"OBSERVED_MISMATCH"	"1257"	"21"	"avatarOrEntity:PlaySound(uISound_FocusValue)"
"PlaySound"	"OUTSIDE_OBSERVED_EXACT_SET"	"Lotus_Interface_Components_ThemedButton"	"28"	"11"	"method"	"PlaySound"	"1"	"false"	"0"	"AvatarOrEntity"	"CORPUS_CATALOG"	"semantic-sdk:lua:method:AvatarOrEntity:PlaySound; confidence=OBSERVED_VARIABLE_OR_OPEN; status=CATALOG_ONLY; evidence=; receiver of PlaySound"	"UNIQUE_METHOD_NAME"	"lua:method:AvatarOrEntity:PlaySound"	"OBSERVED_VARIABLE_OR_OPEN"	"CATALOG_ONLY"	"OBSERVED_MISMATCH"	"1526"	"21"	"avatarOrEntity:PlaySound(uISound_ButtonSelectValue)"
"PlaySound"	"OUTSIDE_OBSERVED_EXACT_SET"	"Lotus_Interface_Components_ThemedButton"	"30"	"11"	"method"	"PlaySound"	"1"	"false"	"0"	"AvatarOrEntity"	"CORPUS_CATALOG"	"semantic-sdk:lua:method:AvatarOrEntity:PlaySound; confidence=OBSERVED_VARIABLE_OR_OPEN; status=CATALOG_ONLY; evidence=; receiver of PlaySound"	"UNIQUE_METHOD_NAME"	"lua:method:AvatarOrEntity:PlaySound"	"OBSERVED_VARIABLE_OR_OPEN"	"CATALOG_ONLY"	"OBSERVED_MISMATCH"	"1648"	"17"	"p30_0:PlaySound(frame_30[6])"
"PlaySound"	"OUTSIDE_OBSERVED_EXACT_SET"	"Lotus_Interface_Components_ThemedInputField"	"16"	"6"	"method"	"PlaySound"	"1"	"false"	"0"	"AvatarOrEntity"	"CORPUS_CATALOG"	"semantic-sdk:lua:method:AvatarOrEntity:PlaySound; confidence=OBSERVED_VARIABLE_OR_OPEN; status=CATALOG_ONLY; evidence=; receiver of PlaySound"	"UNIQUE_METHOD_NAME"	"lua:method:AvatarOrEntity:PlaySound"	"OBSERVED_VARIABLE_OR_OPEN"	"CATALOG_ONLY"	"OBSERVED_MISMATCH"	"760"	"13"	"avatarOrEntity:PlaySound(uISound_SearchTypeValue)"
"PlaySound"	"OUTSIDE_OBSERVED_EXACT_SET"	"Lotus_Interface_Components_ThemedInputField"	"18"	"6"	"method"	"PlaySound"	"1"	"false"	"0"	"AvatarOrEntity"	"CORPUS_CATALOG"	"semantic-sdk:lua:method:AvatarOrEntity:PlaySound; confidence=OBSERVED_VARIABLE_OR_OPEN; status=CATALOG_ONLY; evidence=; receiver of PlaySound"	"UNIQUE_METHOD_NAME"	"lua:method:AvatarOrEntity:PlaySound"	"OBSERVED_VARIABLE_OR_OPEN"	"CATALOG_ONLY"	"OBSERVED_MISMATCH"	"850"	"17"	"avatarOrEntity:PlaySound(uISound_ErrorValue)"
"RemoveUpgrade"	"OUTSIDE_OBSERVED_EXACT_SET"	"Lotus_Interface_AppearanceCustomization"	"14"	"56"	"method"	"RemoveUpgrade"	"2"	"false"	"7"	""	""	""	"UNIQUE_METHOD_NAME"	"lua:method:PowerSuitOrAvatar:RemoveUpgrade"	"OBSERVED_VARIABLE_OR_OPEN"	"CATALOG_ONLY"	"OBSERVED_MISMATCH"	"985"	"45"	"v14_7:RemoveUpgrade(v14_42, true)"
"RemoveUpgrade"	"OUTSIDE_OBSERVED_EXACT_SET"	"Lotus_Interface_Components_EvolutionList"	"19"	"84"	"method"	"RemoveUpgrade"	"2"	"false"	"57"	"PowerSuitOrAvatar"	"CORPUS_CATALOG"	"semantic-sdk:lua:method:PowerSuitOrAvatar:RemoveUpgrade; confidence=OBSERVED_VARIABLE_OR_OPEN; status=CATALOG_ONLY; evidence=; receiver of RemoveUpgrade"	"UNIQUE_METHOD_NAME"	"lua:method:PowerSuitOrAvatar:RemoveUpgrade"	"OBSERVED_VARIABLE_OR_OPEN"	"CATALOG_ONLY"	"OBSERVED_MISMATCH"	"2357"	"37"	"weaponInSlot:RemoveUpgrade(v19_74, true)"
"RemoveUpgrade"	"OUTSIDE_OBSERVED_EXACT_SET"	"Lotus_Interface_LotusUtilities"	"280"	"55"	"method"	"RemoveUpgrade"	"2"	"false"	"0"	"PowerSuitOrAvatar"	"CORPUS_CATALOG"	"semantic-sdk:lua:method:PowerSuitOrAvatar:RemoveUpgrade; confidence=OBSERVED_VARIABLE_OR_OPEN; status=CATALOG_ONLY; evidence=; receiver of RemoveUpgrade"	"UNIQUE_METHOD_NAME"	"lua:method:PowerSuitOrAvatar:RemoveUpgrade"	"OBSERVED_VARIABLE_OR_OPEN"	"CATALOG_ONLY"	"OBSERVED_MISMATCH"	"19796"	"17"	"powerSuitOrAvatar:RemoveUpgrade(v280_51, true)"
"RemoveUpgrade"	"OUTSIDE_OBSERVED_EXACT_SET"	"Lotus_Interface_LotusUtilities"	"398"	"55"	"method"	"RemoveUpgrade"	"2"	"false"	"10"	"PowerSuitOrAvatar"	"CORPUS_CATALOG"	"semantic-sdk:lua:method:PowerSuitOrAvatar:RemoveUpgrade; confidence=OBSERVED_VARIABLE_OR_OPEN; status=CATALOG_ONLY; evidence=; receiver of RemoveUpgrade"	"UNIQUE_METHOD_NAME"	"lua:method:PowerSuitOrAvatar:RemoveUpgrade"	"OBSERVED_VARIABLE_OR_OPEN"	"CATALOG_ONLY"	"OBSERVED_MISMATCH"	"30879"	"33"	"weaponInSlot:RemoveUpgrade(v398_55, true)"
"SetPosition"	"OUTSIDE_OBSERVED_EXACT_SET"	"Lotus_Interface_1999_RetroMessenger"	"267"	"104"	"method"	"SetPosition"	"2"	"false"	"125"	"AvatarOrEntity"	"CORPUS_CATALOG"	"semantic-sdk:lua:method:AvatarOrEntity:SetPosition; confidence=OBSERVED_VARIABLE_OR_OPEN; status=CATALOG_ONLY; evidence=; receiver of SetPosition"	"UNIQUE_METHOD_NAME"	"lua:method:AvatarOrEntity:SetPosition"	"OBSERVED_VARIABLE_OR_OPEN"	"CATALOG_ONLY"	"OBSERVED_MISMATCH"	"23354"	"8"	"(frame_267[125]):SetPosition(nil, frame_267[127])"
"SetPosition"	"OUTSIDE_OBSERVED_EXACT_SET"	"Lotus_Interface_BehaviourSettingsPanel"	"26"	"16"	"method"	"SetPosition"	"2"	"false"	"8"	"AvatarOrEntity"	"CORPUS_CATALOG"	"semantic-sdk:lua:method:AvatarOrEntity:SetPosition; confidence=OBSERVED_VARIABLE_OR_OPEN; status=CATALOG_ONLY; evidence=; receiver of SetPosition"	"UNIQUE_METHOD_NAME"	"lua:method:AvatarOrEntity:SetPosition"	"OBSERVED_VARIABLE_OR_OPEN"	"CATALOG_ONLY"	"OBSERVED_MISMATCH"	"1085"	"21"	"avatarOrEntity:SetPosition(v26_11, v26_14)"
"SetPosition"	"OUTSIDE_OBSERVED_EXACT_SET"	"Lotus_Interface_BehaviourSettingsPanel"	"36"	"143"	"method"	"SetPosition"	"2"	"false"	"131"	"AvatarOrEntity"	"CORPUS_CATALOG"	"semantic-sdk:lua:method:AvatarOrEntity:SetPosition; confidence=OBSERVED_VARIABLE_OR_OPEN; status=CATALOG_ONLY; evidence=; receiver of SetPosition"	"UNIQUE_METHOD_NAME"	"lua:method:AvatarOrEntity:SetPosition"	"OBSERVED_VARIABLE_OR_OPEN"	"CATALOG_ONLY"	"OBSERVED_MISMATCH"	"1529"	"8"	"(frame_36[131]):SetPosition(frame_36[162], frame_36[163])"
"SetPosition"	"OUTSIDE_OBSERVED_EXACT_SET"	"Lotus_Interface_ChatRedux"	"63"	"23"	"method"	"SetPosition"	"2"	"false"	"11"	"AvatarOrEntity"	"CORPUS_CATALOG"	"semantic-sdk:lua:method:AvatarOrEntity:SetPosition; confidence=OBSERVED_VARIABLE_OR_OPEN; status=CATALOG_ONLY; evidence=; receiver of SetPosition"	"UNIQUE_METHOD_NAME"	"lua:method:AvatarOrEntity:SetPosition"	"OBSERVED_VARIABLE_OR_OPEN"	"CATALOG_ONLY"	"OBSERVED_MISMATCH"	"4082"	"17"	"avatarOrEntity:SetPosition(xValue, yValue)"
"SetPosition"	"OUTSIDE_OBSERVED_EXACT_SET"	"Lotus_Interface_ChatRedux"	"94"	"32"	"method"	"SetPosition"	"2"	"false"	"20"	"AvatarOrEntity"	"CORPUS_CATALOG"	"semantic-sdk:lua:method:AvatarOrEntity:SetPosition; confidence=OBSERVED_VARIABLE_OR_OPEN; status=CATALOG_ONLY; evidence=; receiver of SetPosition"	"UNIQUE_METHOD_NAME"	"lua:method:AvatarOrEntity:SetPosition"	"OBSERVED_VARIABLE_OR_OPEN"	"CATALOG_ONLY"	"OBSERVED_MISMATCH"	"6582"	"16"	"(frame_94[20]):SetPosition(frame_94[23], frame_94[26])"
"SetPosition"	"OUTSIDE_OBSERVED_EXACT_SET"	"Lotus_Interface_ChatRedux"	"287"	"105"	"method"	"SetPosition"	"4"	"false"	"0"	"AvatarOrEntity"	"CORPUS_CATALOG"	"semantic-sdk:lua:method:AvatarOrEntity:SetPosition; confidence=OBSERVED_VARIABLE_OR_OPEN; status=CATALOG_ONLY; evidence=; receiver of SetPosition"	"UNIQUE_METHOD_NAME"	"lua:method:AvatarOrEntity:SetPosition"	"OBSERVED_VARIABLE_OR_OPEN"	"CATALOG_ONLY"	"OBSERVED_MISMATCH"	"31217"	"13"	"avatarOrEntity:SetPosition(round, round2, true, false)"
"SetPosition"	"OUTSIDE_OBSERVED_EXACT_SET"	"Lotus_Interface_ChatRedux"	"342"	"761"	"method"	"SetPosition"	"4"	"false"	"0"	"AvatarOrEntity"	"CORPUS_CATALOG"	"semantic-sdk:lua:method:AvatarOrEntity:SetPosition; confidence=OBSERVED_VARIABLE_OR_OPEN; status=CATALOG_ONLY; evidence=; receiver of SetPosition"	"UNIQUE_METHOD_NAME"	"lua:method:AvatarOrEntity:SetPosition"	"OBSERVED_VARIABLE_OR_OPEN"	"CATALOG_ONLY"	"OBSERVED_MISMATCH"	"38299"	"17"	"p342_0:SetPosition(frame_342[664], frame_342[666], true, false)"
"SetPosition"	"OUTSIDE_OBSERVED_EXACT_SET"	"Lotus_Interface_ChatRedux"	"342"	"779"	"method"	"SetPosition"	"4"	"false"	"0"	"AvatarOrEntity"	"CORPUS_CATALOG"	"semantic-sdk:lua:method:AvatarOrEntity:SetPosition; confidence=OBSERVED_VARIABLE_OR_OPEN; status=CATALOG_ONLY; evidence=; receiver of SetPosition"	"UNIQUE_METHOD_NAME"	"lua:method:AvatarOrEntity:SetPosition"	"OBSERVED_VARIABLE_OR_OPEN"	"CATALOG_ONLY"	"OBSERVED_MISMATCH"	"38324"	"17"	"p342_0:SetPosition(frame_342[678], frame_342[680], true, false)"
"SetPosition"	"OUTSIDE_OBSERVED_EXACT_SET"	"Lotus_Interface_ChatRedux"	"342"	"888"	"method"	"SetPosition"	"4"	"false"	"0"	"AvatarOrEntity"	"CORPUS_CATALOG"	"semantic-sdk:lua:method:AvatarOrEntity:SetPosition; confidence=OBSERVED_VARIABLE_OR_OPEN; status=CATALOG_ONLY; evidence=; receiver of SetPosition"	"UNIQUE_METHOD_NAME"	"lua:method:AvatarOrEntity:SetPosition"	"OBSERVED_VARIABLE_OR_OPEN"	"CATALOG_ONLY"	"OBSERVED_MISMATCH"	"38482"	"17"	"p342_0:SetPosition(frame_342[763], frame_342[765], true, false)"
"SetPosition"	"OUTSIDE_OBSERVED_EXACT_SET"	"Lotus_Interface_ChatRedux"	"344"	"106"	"method"	"SetPosition"	"4"	"false"	"0"	"AvatarOrEntity"	"CORPUS_CATALOG"	"semantic-sdk:lua:method:AvatarOrEntity:SetPosition; confidence=OBSERVED_VARIABLE_OR_OPEN; status=CATALOG_ONLY; evidence=; receiver of SetPosition"	"UNIQUE_METHOD_NAME"	"lua:method:AvatarOrEntity:SetPosition"	"OBSERVED_VARIABLE_OR_OPEN"	"CATALOG_ONLY"	"OBSERVED_MISMATCH"	"38879"	"13"	"avatarOrEntity:SetPosition(v344_95, v344_98, false, v344_100)"
"SetPosition"	"OUTSIDE_OBSERVED_EXACT_SET"	"Lotus_Interface_ChatRedux"	"344"	"115"	"method"	"SetPosition"	"4"	"false"	"0"	"AvatarOrEntity"	"CORPUS_CATALOG"	"semantic-sdk:lua:method:AvatarOrEntity:SetPosition; confidence=OBSERVED_VARIABLE_OR_OPEN; status=CATALOG_ONLY; evidence=; receiver of SetPosition"	"UNIQUE_METHOD_NAME"	"lua:method:AvatarOrEntity:SetPosition"	"OBSERVED_VARIABLE_OR_OPEN"	"CATALOG_ONLY"	"OBSERVED_MISMATCH"	"38867"	"13"	"avatarOrEntity:SetPosition(xValue2, yValue4, false, v344_108)"
"SetPosition"	"OUTSIDE_OBSERVED_EXACT_SET"	"Lotus_Interface_ChatRedux"	"357"	"96"	"method"	"SetPosition"	"4"	"false"	"83"	"AvatarOrEntity"	"CORPUS_CATALOG"	"semantic-sdk:lua:method:AvatarOrEntity:SetPosition; confidence=OBSERVED_VARIABLE_OR_OPEN; status=CATALOG_ONLY; evidence=; receiver of SetPosition"	"UNIQUE_METHOD_NAME"	"lua:method:AvatarOrEntity:SetPosition"	"OBSERVED_VARIABLE_OR_OPEN"	"CATALOG_ONLY"	"OBSERVED_MISMATCH"	"40376"	"16"	"(frame_357[83]):SetPosition(frame_357[84], frame_357[85], false, false)"
"SetPosition"	"OUTSIDE_OBSERVED_EXACT_SET"	"Lotus_Interface_ChatRedux"	"357"	"156"	"method"	"SetPosition"	"4"	"false"	"120"	"AvatarOrEntity"	"CORPUS_CATALOG"	"semantic-sdk:lua:method:AvatarOrEntity:SetPosition; confidence=OBSERVED_VARIABLE_OR_OPEN; status=CATALOG_ONLY; evidence=; receiver of SetPosition"	"UNIQUE_METHOD_NAME"	"lua:method:AvatarOrEntity:SetPosition"	"OBSERVED_VARIABLE_OR_OPEN"	"CATALOG_ONLY"	"OBSERVED_MISMATCH"	"40510"	"16"	"(frame_357[120]):SetPosition(frame_357[121], frame_357[122], true, false)"
"SetPosition"	"OPEN_ARGUMENTS"	"Lotus_Interface_ChatRedux"	"586"	"20"	"method"	"SetPosition"	"-1"	"true"	"8"	"AvatarOrEntity"	"CORPUS_CATALOG"	"semantic-sdk:lua:method:AvatarOrEntity:SetPosition; confidence=OBSERVED_VARIABLE_OR_OPEN; status=CATALOG_ONLY; evidence=; receiver of SetPosition"	"UNIQUE_METHOD_NAME"	"lua:method:AvatarOrEntity:SetPosition"	"OBSERVED_VARIABLE_OR_OPEN"	"CATALOG_ONLY"	"OPEN_ARGUMENTS"	"57995"	"5"	"avatarOrEntity:SetPosition(round, roundValue2(yValue2))"
"SetPosition"	"OUTSIDE_OBSERVED_EXACT_SET"	"Lotus_Interface_Components_ThemedButton"	"21"	"9"	"method"	"SetPosition"	"0"	"false"	"0"	"AvatarOrEntity"	"CORPUS_CATALOG"	"semantic-sdk:lua:method:AvatarOrEntity:SetPosition; confidence=OBSERVED_VARIABLE_OR_OPEN; status=CATALOG_ONLY; evidence=; receiver of SetPosition"	"UNIQUE_METHOD_NAME"	"lua:method:AvatarOrEntity:SetPosition"	"OBSERVED_VARIABLE_OR_OPEN"	"CATALOG_ONLY"	"OBSERVED_MISMATCH"	"1141"	"13"	"avatarOrEntity:SetPosition()"
"SetPosition"	"OPEN_ARGUMENTS"	"Lotus_Interface_Components_ThemedButton"	"60"	"291"	"method"	"SetPosition"	"-1"	"true"	"21"	"AvatarOrEntity"	"CORPUS_CATALOG"	"semantic-sdk:lua:method:AvatarOrEntity:SetPosition; confidence=OBSERVED_VARIABLE_OR_OPEN; status=CATALOG_ONLY; evidence=; receiver of SetPosition"	"UNIQUE_METHOD_NAME"	"lua:method:AvatarOrEntity:SetPosition"	"OBSERVED_VARIABLE_OR_OPEN"	"CATALOG_ONLY"	"OPEN_ARGUMENTS"	"3558"	"8"	"(frame_60[21]):SetPosition(frame_60[152], p60_0:GetNumberVariable(frame_60[153], 1))"
"SetPosition"	"OUTSIDE_OBSERVED_EXACT_SET"	"Lotus_Interface_Components_ThemedCustomizationButton"	"40"	"126"	"method"	"SetPosition"	"2"	"false"	"13"	"AvatarOrEntity"	"CORPUS_CATALOG"	"semantic-sdk:lua:method:AvatarOrEntity:SetPosition; confidence=OBSERVED_VARIABLE_OR_OPEN; status=CATALOG_ONLY; evidence=; receiver of SetPosition"	"UNIQUE_METHOD_NAME"	"lua:method:AvatarOrEntity:SetPosition"	"OBSERVED_VARIABLE_OR_OPEN"	"CATALOG_ONLY"	"OBSERVED_MISMATCH"	"3883"	"13"	"avatarOrEntity:SetPosition(v40_87, v40_90)"
"SetPosition"	"OUTSIDE_OBSERVED_EXACT_SET"	"Lotus_Interface_Components_ThemedCustomizationButton"	"45"	"190"	"method"	"SetPosition"	"2"	"false"	"13"	"AvatarOrEntity"	"CORPUS_CATALOG"	"semantic-sdk:lua:method:AvatarOrEntity:SetPosition; confidence=OBSERVED_VARIABLE_OR_OPEN; status=CATALOG_ONLY; evidence=; receiver of SetPosition"	"UNIQUE_METHOD_NAME"	"lua:method:AvatarOrEntity:SetPosition"	"OBSERVED_VARIABLE_OR_OPEN"	"CATALOG_ONLY"	"OBSERVED_MISMATCH"	"4277"	"13"	"avatarOrEntity:SetPosition(v45_124, v45_127)"
"SetPosition"	"OUTSIDE_OBSERVED_EXACT_SET"	"Lotus_Interface_Components_ThemedCustomizationButton"	"48"	"117"	"method"	"SetPosition"	"2"	"false"	"13"	"AvatarOrEntity"	"CORPUS_CATALOG"	"semantic-sdk:lua:method:AvatarOrEntity:SetPosition; confidence=OBSERVED_VARIABLE_OR_OPEN; status=CATALOG_ONLY; evidence=; receiver of SetPosition"	"UNIQUE_METHOD_NAME"	"lua:method:AvatarOrEntity:SetPosition"	"OBSERVED_VARIABLE_OR_OPEN"	"CATALOG_ONLY"	"OBSERVED_MISMATCH"	"4524"	"13"	"avatarOrEntity:SetPosition(v48_84, v48_85)"
"SetPosition"	"OUTSIDE_OBSERVED_EXACT_SET"	"Lotus_Interface_Components_ThemedCustomizationButton"	"54"	"120"	"method"	"SetPosition"	"2"	"false"	"57"	"AvatarOrEntity"	"CORPUS_CATALOG"	"semantic-sdk:lua:method:AvatarOrEntity:SetPosition; confidence=OBSERVED_VARIABLE_OR_OPEN; status=CATALOG_ONLY; evidence=; receiver of SetPosition"	"UNIQUE_METHOD_NAME"	"lua:method:AvatarOrEntity:SetPosition"	"OBSERVED_VARIABLE_OR_OPEN"	"CATALOG_ONLY"	"OBSERVED_MISMATCH"	"4691"	"32"	"(frame_54[57]):SetPosition(frame_54[96], frame_54[97])"
"SetPosition"	"OUTSIDE_OBSERVED_EXACT_SET"	"Lotus_Interface_DiegeticArtifactCards"	"158"	"82"	"method"	"SetPosition"	"2"	"false"	"151"	"AvatarOrEntity"	"CORPUS_CATALOG"	"semantic-sdk:lua:method:AvatarOrEntity:SetPosition; confidence=OBSERVED_VARIABLE_OR_OPEN; status=CATALOG_ONLY; evidence=; receiver of SetPosition"	"UNIQUE_METHOD_NAME"	"lua:method:AvatarOrEntity:SetPosition"	"OBSERVED_VARIABLE_OR_OPEN"	"CATALOG_ONLY"	"OBSERVED_MISMATCH"	"13759"	"28"	"(frame_158[151]):SetPosition(frame_158[152], frame_158[154])"
"SetPosition"	"OUTSIDE_OBSERVED_EXACT_SET"	"Lotus_Interface_DiegeticArtifactCards"	"158"	"95"	"method"	"SetPosition"	"2"	"false"	"164"	"AvatarOrEntity"	"CORPUS_CATALOG"	"semantic-sdk:lua:method:AvatarOrEntity:SetPosition; confidence=OBSERVED_VARIABLE_OR_OPEN; status=CATALOG_ONLY; evidence=; receiver of SetPosition"	"UNIQUE_METHOD_NAME"	"lua:method:AvatarOrEntity:SetPosition"	"OBSERVED_VARIABLE_OR_OPEN"	"CATALOG_ONLY"	"OBSERVED_MISMATCH"	"13770"	"28"	"(frame_158[164]):SetPosition(frame_158[165], frame_158[167])"
"SetPosition"	"OUTSIDE_OBSERVED_EXACT_SET"	"Lotus_Interface_DiegeticArtifactCards"	"158"	"114"	"method"	"SetPosition"	"2"	"false"	"192"	"AvatarOrEntity"	"CORPUS_CATALOG"	"semantic-sdk:lua:method:AvatarOrEntity:SetPosition; confidence=OBSERVED_VARIABLE_OR_OPEN; status=CATALOG_ONLY; evidence=; receiver of SetPosition"	"UNIQUE_METHOD_NAME"	"lua:method:AvatarOrEntity:SetPosition"	"OBSERVED_VARIABLE_OR_OPEN"	"CATALOG_ONLY"	"OBSERVED_MISMATCH"	"13783"	"28"	"(frame_158[192]):SetPosition(frame_158[194], 90)"
"SetPosition"	"OUTSIDE_OBSERVED_EXACT_SET"	"Lotus_Interface_DiegeticArtifactCards"	"158"	"125"	"method"	"SetPosition"	"2"	"false"	"204"	"AvatarOrEntity"	"CORPUS_CATALOG"	"semantic-sdk:lua:method:AvatarOrEntity:SetPosition; confidence=OBSERVED_VARIABLE_OR_OPEN; status=CATALOG_ONLY; evidence=; receiver of SetPosition"	"UNIQUE_METHOD_NAME"	"lua:method:AvatarOrEntity:SetPosition"	"OBSERVED_VARIABLE_OR_OPEN"	"CATALOG_ONLY"	"OBSERVED_MISMATCH"	"13792"	"28"	"(frame_158[204]):SetPosition(frame_158[205], frame_158[207])"
"SetPosition"	"OUTSIDE_OBSERVED_EXACT_SET"	"Lotus_Interface_DiegeticArtifactCards"	"158"	"299"	"method"	"SetPosition"	"2"	"false"	"410"	"AvatarOrEntity"	"CORPUS_CATALOG"	"semantic-sdk:lua:method:AvatarOrEntity:SetPosition; confidence=OBSERVED_VARIABLE_OR_OPEN; status=CATALOG_ONLY; evidence=; receiver of SetPosition"	"UNIQUE_METHOD_NAME"	"lua:method:AvatarOrEntity:SetPosition"	"OBSERVED_VARIABLE_OR_OPEN"	"CATALOG_ONLY"	"OBSERVED_MISMATCH"	"13931"	"28"	"(frame_158[410]):SetPosition(frame_158[412], frame_158[413])"
"SetPosition"	"OUTSIDE_OBSERVED_EXACT_SET"	"Lotus_Interface_DiegeticArtifactCards"	"158"	"334"	"method"	"SetPosition"	"2"	"false"	"452"	"AvatarOrEntity"	"CORPUS_CATALOG"	"semantic-sdk:lua:method:AvatarOrEntity:SetPosition; confidence=OBSERVED_VARIABLE_OR_OPEN; status=CATALOG_ONLY; evidence=; receiver of SetPosition"	"UNIQUE_METHOD_NAME"	"lua:method:AvatarOrEntity:SetPosition"	"OBSERVED_VARIABLE_OR_OPEN"	"CATALOG_ONLY"	"OBSERVED_MISMATCH"	"13959"	"28"	"(frame_158[452]):SetPosition(frame_158[453], frame_158[455])"
"SetPosition"	"OUTSIDE_OBSERVED_EXACT_SET"	"Lotus_Interface_DiegeticArtifactCards"	"172"	"106"	"method"	"SetPosition"	"2"	"false"	"105"	"AvatarOrEntity"	"CORPUS_CATALOG"	"semantic-sdk:lua:method:AvatarOrEntity:SetPosition; confidence=OBSERVED_VARIABLE_OR_OPEN; status=CATALOG_ONLY; evidence=; receiver of SetPosition"	"UNIQUE_METHOD_NAME"	"lua:method:AvatarOrEntity:SetPosition"	"OBSERVED_VARIABLE_OR_OPEN"	"CATALOG_ONLY"	"OBSERVED_MISMATCH"	"15062"	"9"	"avatarOrEntity:SetPosition(555, -550)"
"SetPosition"	"OUTSIDE_OBSERVED_EXACT_SET"	"Lotus_Interface_DiegeticArtifactCards"	"172"	"119"	"method"	"SetPosition"	"2"	"false"	"118"	"AvatarOrEntity"	"CORPUS_CATALOG"	"semantic-sdk:lua:method:AvatarOrEntity:SetPosition; confidence=OBSERVED_VARIABLE_OR_OPEN; status=CATALOG_ONLY; evidence=; receiver of SetPosition"	"UNIQUE_METHOD_NAME"	"lua:method:AvatarOrEntity:SetPosition"	"OBSERVED_VARIABLE_OR_OPEN"	"CATALOG_ONLY"	"OBSERVED_MISMATCH"	"15072"	"9"	"avatarOrEntity2:SetPosition(-8, 0)"
"SetPosition"	"OUTSIDE_OBSERVED_EXACT_SET"	"Lotus_Interface_DiegeticArtifactCards"	"178"	"156"	"method"	"SetPosition"	"2"	"false"	"15"	"AvatarOrEntity"	"CORPUS_CATALOG"	"semantic-sdk:lua:method:AvatarOrEntity:GetPosition; confidence=OBSERVED_STABLE_ARGS; status=CATALOG_ONLY; evidence=; receiver of GetPosition"	"RECEIVER_TYPE"	"lua:method:AvatarOrEntity:SetPosition"	"OBSERVED_VARIABLE_OR_OPEN"	"CATALOG_ONLY"	"OBSERVED_MISMATCH"	"15348"	"16"	"(frame_178[15]):SetPosition(-751, -626)"
"SetPosition"	"OUTSIDE_OBSERVED_EXACT_SET"	"Lotus_Interface_DiegeticArtifactCards"	"178"	"432"	"method"	"SetPosition"	"2"	"false"	"662"	"AvatarOrEntity"	"CORPUS_CATALOG"	"semantic-sdk:lua:method:AvatarOrEntity:SetPosition; confidence=OBSERVED_VARIABLE_OR_OPEN; status=CATALOG_ONLY; evidence=; receiver of SetPosition"	"UNIQUE_METHOD_NAME"	"lua:method:AvatarOrEntity:SetPosition"	"OBSERVED_VARIABLE_OR_OPEN"	"CATALOG_ONLY"	"OBSERVED_MISMATCH"	"15512"	"16"	"(frame_178[662]):SetPosition(0, 0)"
"SetPosition"	"OUTSIDE_OBSERVED_EXACT_SET"	"Lotus_Interface_DiegeticArtifactCards"	"178"	"609"	"method"	"SetPosition"	"2"	"false"	"244"	"AvatarOrEntity"	"CORPUS_CATALOG"	"semantic-sdk:lua:method:AvatarOrEntity:SetPosition; confidence=OBSERVED_VARIABLE_OR_OPEN; status=CATALOG_ONLY; evidence=; receiver of SetPosition"	"UNIQUE_METHOD_NAME"	"lua:method:AvatarOrEntity:SetPosition"	"OBSERVED_VARIABLE_OR_OPEN"	"CATALOG_ONLY"	"OBSERVED_MISMATCH"	"15606"	"16"	"(frame_178[244]):SetPosition(-545, 292)"
"SetPosition"	"OUTSIDE_OBSERVED_EXACT_SET"	"Lotus_Interface_DiegeticArtifactCards"	"178"	"636"	"method"	"SetPosition"	"2"	"false"	"885"	"AvatarOrEntity"	"CORPUS_CATALOG"	"semantic-sdk:lua:method:AvatarOrEntity:SetPosition; confidence=OBSERVED_VARIABLE_OR_OPEN; status=CATALOG_ONLY; evidence=; receiver of SetPosition"	"UNIQUE_METHOD_NAME"	"lua:method:AvatarOrEntity:SetPosition"	"OBSERVED_VARIABLE_OR_OPEN"	"CATALOG_ONLY"	"OBSERVED_MISMATCH"	"15624"	"16"	"(frame_178[885]):SetPosition(-1007, -405)"
"SetPosition"	"OUTSIDE_OBSERVED_EXACT_SET"	"Lotus_Interface_DiegeticArtifactCards"	"178"	"726"	"method"	"SetPosition"	"2"	"false"	"976"	"AvatarOrEntity"	"CORPUS_CATALOG"	"semantic-sdk:lua:method:AvatarOrEntity:SetPosition; confidence=OBSERVED_VARIABLE_OR_OPEN; status=CATALOG_ONLY; evidence=; receiver of SetPosition"	"UNIQUE_METHOD_NAME"	"lua:method:AvatarOrEntity:SetPosition"	"OBSERVED_VARIABLE_OR_OPEN"	"CATALOG_ONLY"	"OBSERVED_MISMATCH"	"15694"	"16"	"(frame_178[976]):SetPosition(0, 391)"
"SetPosition"	"OUTSIDE_OBSERVED_EXACT_SET"	"Lotus_Interface_DiegeticArtifactCards"	"178"	"736"	"method"	"SetPosition"	"2"	"false"	"986"	"AvatarOrEntity"	"CORPUS_CATALOG"	"semantic-sdk:lua:method:AvatarOrEntity:SetPosition; confidence=OBSERVED_VARIABLE_OR_OPEN; status=CATALOG_ONLY; evidence=; receiver of SetPosition"	"UNIQUE_METHOD_NAME"	"lua:method:AvatarOrEntity:SetPosition"	"OBSERVED_VARIABLE_OR_OPEN"	"CATALOG_ONLY"	"OBSERVED_MISMATCH"	"15701"	"16"	"(frame_178[986]):SetPosition(0, -60)"
"SetPosition"	"OUTSIDE_OBSERVED_EXACT_SET"	"Lotus_Interface_DiegeticArtifactCards"	"178"	"834"	"method"	"SetPosition"	"2"	"false"	"1107"	"AvatarOrEntity"	"CORPUS_CATALOG"	"semantic-sdk:lua:method:AvatarOrEntity:SetPosition; confidence=OBSERVED_VARIABLE_OR_OPEN; status=CATALOG_ONLY; evidence=; receiver of SetPosition"	"UNIQUE_METHOD_NAME"	"lua:method:AvatarOrEntity:SetPosition"	"OBSERVED_VARIABLE_OR_OPEN"	"CATALOG_ONLY"	"OBSERVED_MISMATCH"	"15771"	"16"	"(frame_178[1107]):SetPosition(frame_178[1109], frame_178[1111])"
"SetPosition"	"OUTSIDE_OBSERVED_EXACT_SET"	"Lotus_Interface_DiegeticArtifactCards"	"178"	"895"	"method"	"SetPosition"	"2"	"false"	"1176"	"AvatarOrEntity"	"CORPUS_CATALOG"	"semantic-sdk:lua:method:AvatarOrEntity:SetPosition; confidence=OBSERVED_VARIABLE_OR_OPEN; status=CATALOG_ONLY; evidence=; receiver of SetPosition"	"UNIQUE_METHOD_NAME"	"lua:method:AvatarOrEntity:SetPosition"	"OBSERVED_VARIABLE_OR_OPEN"	"CATALOG_ONLY"	"OBSERVED_MISMATCH"	"15805"	"16"	"(frame_178[1176]):SetPosition(340, -100)"
"SetPosition"	"OUTSIDE_OBSERVED_EXACT_SET"	"Lotus_Interface_DiegeticArtifactCards"	"178"	"911"	"method"	"SetPosition"	"2"	"false"	"1192"	"AvatarOrEntity"	"CORPUS_CATALOG"	"semantic-sdk:lua:method:AvatarOrEntity:SetPosition; confidence=OBSERVED_VARIABLE_OR_OPEN; status=CATALOG_ONLY; evidence=; receiver of SetPosition"	"UNIQUE_METHOD_NAME"	"lua:method:AvatarOrEntity:SetPosition"	"OBSERVED_VARIABLE_OR_OPEN"	"CATALOG_ONLY"	"OBSERVED_MISMATCH"	"15816"	"16"	"(frame_178[1192]):SetPosition(1034, 0)"
"SetPosition"	"OUTSIDE_OBSERVED_EXACT_SET"	"Lotus_Interface_DiegeticArtifactCards"	"178"	"1040"	"method"	"SetPosition"	"2"	"false"	"1349"	"AvatarOrEntity"	"CORPUS_CATALOG"	"semantic-sdk:lua:method:AvatarOrEntity:SetPosition; confidence=OBSERVED_VARIABLE_OR_OPEN; status=CATALOG_ONLY; evidence=; receiver of SetPosition"	"UNIQUE_METHOD_NAME"	"lua:method:AvatarOrEntity:SetPosition"	"OBSERVED_VARIABLE_OR_OPEN"	"CATALOG_ONLY"	"OBSERVED_MISMATCH"	"15900"	"16"	"(frame_178[1349]):SetPosition(0, 391)"
"SetPosition"	"OUTSIDE_OBSERVED_EXACT_SET"	"Lotus_Interface_DiegeticArtifactCards"	"178"	"1050"	"method"	"SetPosition"	"2"	"false"	"1359"	"AvatarOrEntity"	"CORPUS_CATALOG"	"semantic-sdk:lua:method:AvatarOrEntity:SetPosition; confidence=OBSERVED_VARIABLE_OR_OPEN; status=CATALOG_ONLY; evidence=; receiver of SetPosition"	"UNIQUE_METHOD_NAME"	"lua:method:AvatarOrEntity:SetPosition"	"OBSERVED_VARIABLE_OR_OPEN"	"CATALOG_ONLY"	"OBSERVED_MISMATCH"	"15907"	"16"	"(frame_178[1359]):SetPosition(0, -60)"
"SetPosition"	"OUTSIDE_OBSERVED_EXACT_SET"	"Lotus_Interface_DiegeticArtifactCards"	"178"	"1135"	"method"	"SetPosition"	"2"	"false"	"1446"	"AvatarOrEntity"	"CORPUS_CATALOG"	"semantic-sdk:lua:method:AvatarOrEntity:SetPosition; confidence=OBSERVED_VARIABLE_OR_OPEN; status=CATALOG_ONLY; evidence=; receiver of SetPosition"	"UNIQUE_METHOD_NAME"	"lua:method:AvatarOrEntity:SetPosition"	"OBSERVED_VARIABLE_OR_OPEN"	"CATALOG_ONLY"	"OBSERVED_MISMATCH"	"15969"	"16"	"(frame_178[1446]):SetPosition(0, 0)"
"SetPosition"	"OUTSIDE_OBSERVED_EXACT_SET"	"Lotus_Interface_DiegeticArtifactCards"	"186"	"27"	"method"	"SetPosition"	"2"	"false"	"19"	"AvatarOrEntity"	"CORPUS_CATALOG"	"semantic-sdk:lua:method:AvatarOrEntity:SetPosition; confidence=OBSERVED_VARIABLE_OR_OPEN; status=CATALOG_ONLY; evidence=; receiver of SetPosition"	"UNIQUE_METHOD_NAME"	"lua:method:AvatarOrEntity:SetPosition"	"OBSERVED_VARIABLE_OR_OPEN"	"CATALOG_ONLY"	"OBSERVED_MISMATCH"	"16394"	"16"	"(frame_186[19]):SetPosition(-10, 30)"
"SetPosition"	"OUTSIDE_OBSERVED_EXACT_SET"	"Lotus_Interface_DiegeticArtifactCards"	"195"	"103"	"method"	"SetPosition"	"2"	"false"	"159"	"AvatarOrEntity"	"CORPUS_CATALOG"	"semantic-sdk:lua:method:AvatarOrEntity:SetPosition; confidence=OBSERVED_VARIABLE_OR_OPEN; status=CATALOG_ONLY; evidence=; receiver of SetPosition"	"UNIQUE_METHOD_NAME"	"lua:method:AvatarOrEntity:SetPosition"	"OBSERVED_VARIABLE_OR_OPEN"	"CATALOG_ONLY"	"OBSERVED_MISMATCH"	"17181"	"12"	"(frame_195[159]):SetPosition(0, 0)"
"SetPosition"	"OUTSIDE_OBSERVED_EXACT_SET"	"Lotus_Interface_DiegeticArtifactCards"	"195"	"164"	"method"	"SetPosition"	"2"	"false"	"260"	"AvatarOrEntity"	"CORPUS_CATALOG"	"semantic-sdk:lua:method:AvatarOrEntity:SetPosition; confidence=OBSERVED_VARIABLE_OR_OPEN; status=CATALOG_ONLY; evidence=; receiver of SetPosition"	"UNIQUE_METHOD_NAME"	"lua:method:AvatarOrEntity:SetPosition"	"OBSERVED_VARIABLE_OR_OPEN"	"CATALOG_ONLY"	"OBSERVED_MISMATCH"	"17216"	"12"	"(frame_195[260]):SetPosition(-10, 30)"
"SetPosition"	"OUTSIDE_OBSERVED_EXACT_SET"	"Lotus_Interface_Dojo_DojoRoomConstructionStatus"	"14"	"30"	"method"	"SetPosition"	"2"	"false"	"23"	"AvatarOrEntity"	"CORPUS_CATALOG"	"semantic-sdk:lua:method:AvatarOrEntity:SetPosition; confidence=OBSERVED_VARIABLE_OR_OPEN; status=CATALOG_ONLY; evidence=; receiver of SetPosition"	"UNIQUE_METHOD_NAME"	"lua:method:AvatarOrEntity:SetPosition"	"OBSERVED_VARIABLE_OR_OPEN"	"CATALOG_ONLY"	"OBSERVED_MISMATCH"	"1473"	"17"	"avatarOrEntity:SetPosition(nil, v14_25)"
"SetPosition"	"OUTSIDE_OBSERVED_EXACT_SET"	"Lotus_Interface_GraphicManifest"	"30"	"37"	"method"	"SetPosition"	"3"	"false"	"29"	"AvatarOrEntity"	"CORPUS_CATALOG"	"semantic-sdk:lua:method:AvatarOrEntity:SetPosition; confidence=OBSERVED_VARIABLE_OR_OPEN; status=CATALOG_ONLY; evidence=; receiver of SetPosition"	"UNIQUE_METHOD_NAME"	"lua:method:AvatarOrEntity:SetPosition"	"OBSERVED_VARIABLE_OR_OPEN"	"CATALOG_ONLY"	"OBSERVED_MISMATCH"	"1449"	"9"	"avatarOrEntity:SetPosition(0, nil, cENTER_ALIGNEDValue)"
"SetPosition"	"OUTSIDE_OBSERVED_EXACT_SET"	"Lotus_Interface_GraphicManifest"	"30"	"44"	"method"	"SetPosition"	"3"	"false"	"36"	"AvatarOrEntity"	"CORPUS_CATALOG"	"semantic-sdk:lua:method:AvatarOrEntity:SetPosition; confidence=OBSERVED_VARIABLE_OR_OPEN; status=CATALOG_ONLY; evidence=; receiver of SetPosition"	"UNIQUE_METHOD_NAME"	"lua:method:AvatarOrEntity:SetPosition"	"OBSERVED_VARIABLE_OR_OPEN"	"CATALOG_ONLY"	"OBSERVED_MISMATCH"	"1453"	"9"	"avatarOrEntity2:SetPosition(0, 85, cENTER_ALIGNEDValue2)"
"SetPosition"	"OUTSIDE_OBSERVED_EXACT_SET"	"Lotus_Interface_HudRedux"	"118"	"77"	"method"	"SetPosition"	"2"	"false"	"41"	"AvatarOrEntity"	"CORPUS_CATALOG"	"semantic-sdk:lua:method:AvatarOrEntity:SetPosition; confidence=OBSERVED_VARIABLE_OR_OPEN; status=CATALOG_ONLY; evidence=; receiver of SetPosition"	"UNIQUE_METHOD_NAME"	"lua:method:AvatarOrEntity:SetPosition"	"OBSERVED_VARIABLE_OR_OPEN"	"CATALOG_ONLY"	"OBSERVED_MISMATCH"	"10859"	"16"	"(frame_118[41]):SetPosition(frame_118[74], -116)"
"SetPosition"	"OUTSIDE_OBSERVED_EXACT_SET"	"Lotus_Interface_HudRedux"	"118"	"99"	"method"	"SetPosition"	"2"	"false"	"46"	"AvatarOrEntity"	"CORPUS_CATALOG"	"semantic-sdk:lua:method:AvatarOrEntity:SetPosition; confidence=OBSERVED_VARIABLE_OR_OPEN; status=CATALOG_ONLY; evidence=; receiver of SetPosition"	"UNIQUE_METHOD_NAME"	"lua:method:AvatarOrEntity:SetPosition"	"OBSERVED_VARIABLE_OR_OPEN"	"CATALOG_ONLY"	"OBSERVED_MISMATCH"	"10875"	"16"	"(frame_118[46]):SetPosition(frame_118[95], frame_118[98])"
"SetPosition"	"OUTSIDE_OBSERVED_EXACT_SET"	"Lotus_Interface_HudRedux"	"118"	"132"	"method"	"SetPosition"	"2"	"false"	"56"	"AvatarOrEntity"	"CORPUS_CATALOG"	"semantic-sdk:lua:method:AvatarOrEntity:SetPosition; confidence=OBSERVED_VARIABLE_OR_OPEN; status=CATALOG_ONLY; evidence=; receiver of SetPosition"	"UNIQUE_METHOD_NAME"	"lua:method:AvatarOrEntity:SetPosition"	"OBSERVED_VARIABLE_OR_OPEN"	"CATALOG_ONLY"	"OBSERVED_MISMATCH"	"10900"	"16"	"(frame_118[56]):SetPosition(70, -19)"
"SetPosition"	"OUTSIDE_OBSERVED_EXACT_SET"	"Lotus_Interface_HudRedux"	"118"	"146"	"method"	"SetPosition"	"2"	"false"	"56"	"AvatarOrEntity"	"CORPUS_CATALOG"	"semantic-sdk:lua:method:AvatarOrEntity:SetPosition; confidence=OBSERVED_VARIABLE_OR_OPEN; status=CATALOG_ONLY; evidence=; receiver of SetPosition"	"UNIQUE_METHOD_NAME"	"lua:method:AvatarOrEntity:SetPosition"	"OBSERVED_VARIABLE_OR_OPEN"	"CATALOG_ONLY"	"OBSERVED_MISMATCH"	"10913"	"16"	"(frame_118[56]):SetPosition(0, 0)"
"SetPosition"	"OUTSIDE_OBSERVED_EXACT_SET"	"Lotus_Interface_HudRedux"	"262"	"280"	"method"	"SetPosition"	"2"	"false"	"544"	"AvatarOrEntity"	"CORPUS_CATALOG"	"semantic-sdk:lua:method:AvatarOrEntity:SetPosition; confidence=OBSERVED_VARIABLE_OR_OPEN; status=CATALOG_ONLY; evidence=; receiver of SetPosition"	"UNIQUE_METHOD_NAME"	"lua:method:AvatarOrEntity:SetPosition"	"OBSERVED_VARIABLE_OR_OPEN"	"CATALOG_ONLY"	"OBSERVED_MISMATCH"	"31320"	"12"	"(frame_262[544]):SetPosition(frame_262[545], frame_262[546])"
"SetPosition"	"OUTSIDE_OBSERVED_EXACT_SET"	"Lotus_Interface_Inbox"	"31"	"933"	"method"	"SetPosition"	"2"	"false"	"848"	"AvatarOrEntity"	"CORPUS_CATALOG"	"semantic-sdk:lua:method:AvatarOrEntity:SetPosition; confidence=OBSERVED_VARIABLE_OR_OPEN; status=CATALOG_ONLY; evidence=; receiver of SetPosition"	"UNIQUE_METHOD_NAME"	"lua:method:AvatarOrEntity:SetPosition"	"OBSERVED_VARIABLE_OR_OPEN"	"CATALOG_ONLY"	"OBSERVED_MISMATCH"	"4282"	"16"	"(frame_31[848]):SetPosition(frame_31[849], frame_31[850])"
"SetPosition"	"OUTSIDE_OBSERVED_EXACT_SET"	"Lotus_Interface_Inbox"	"31"	"938"	"method"	"SetPosition"	"2"	"false"	"853"	"AvatarOrEntity"	"CORPUS_CATALOG"	"semantic-sdk:lua:method:AvatarOrEntity:SetPosition; confidence=OBSERVED_VARIABLE_OR_OPEN; status=CATALOG_ONLY; evidence=; receiver of SetPosition"	"UNIQUE_METHOD_NAME"	"lua:method:AvatarOrEntity:SetPosition"	"OBSERVED_VARIABLE_OR_OPEN"	"CATALOG_ONLY"	"OBSERVED_MISMATCH"	"4286"	"16"	"(frame_31[853]):SetPosition(frame_31[854], frame_31[855])"
"SetPosition"	"OUTSIDE_OBSERVED_EXACT_SET"	"Lotus_Interface_LayoutEditor"	"49"	"57"	"method"	"SetPosition"	"2"	"false"	"47"	"AvatarOrEntity"	"CORPUS_CATALOG"	"semantic-sdk:lua:method:AvatarOrEntity:SetPosition; confidence=OBSERVED_VARIABLE_OR_OPEN; status=CATALOG_ONLY; evidence=; receiver of SetPosition"	"UNIQUE_METHOD_NAME"	"lua:method:AvatarOrEntity:SetPosition"	"OBSERVED_VARIABLE_OR_OPEN"	"CATALOG_ONLY"	"OBSERVED_MISMATCH"	"4207"	"17"	"duplicate:SetPosition(v49_51, v49_52)"
"SetPosition"	"OPEN_ARGUMENTS"	"Lotus_Interface_LoadOutRedux"	"61"	"209"	"method"	"SetPosition"	"-1"	"true"	"171"	"AvatarOrEntity"	"CORPUS_CATALOG"	"semantic-sdk:lua:method:AvatarOrEntity:SetPosition; confidence=OBSERVED_VARIABLE_OR_OPEN; status=CATALOG_ONLY; evidence=; receiver of SetPosition"	"UNIQUE_METHOD_NAME"	"lua:method:AvatarOrEntity:SetPosition"	"OBSERVED_VARIABLE_OR_OPEN"	"CATALOG_ONLY"	"OPEN_ARGUMENTS"	"10773"	"28"	"(frame_61[171]):SetPosition((frame_61[137]):GetPosition())"
"SetPosition"	"OUTSIDE_OBSERVED_EXACT_SET"	"Lotus_Interface_LoadOutRedux"	"75"	"100"	"method"	"SetPosition"	"2"	"false"	"144"	"AvatarOrEntity"	"CORPUS_CATALOG"	"semantic-sdk:lua:method:AvatarOrEntity:SetPosition; confidence=OBSERVED_VARIABLE_OR_OPEN; status=CATALOG_ONLY; evidence=; receiver of SetPosition"	"UNIQUE_METHOD_NAME"	"lua:method:AvatarOrEntity:SetPosition"	"OBSERVED_VARIABLE_OR_OPEN"	"CATALOG_ONLY"	"OBSERVED_MISMATCH"	"12777"	"20"	"(frame_75[144]):SetPosition(frame_75[146], frame_75[147])"
"SetPosition"	"OUTSIDE_OBSERVED_EXACT_SET"	"Lotus_Interface_LoadOutRedux"	"75"	"109"	"method"	"SetPosition"	"2"	"false"	"151"	"AvatarOrEntity"	"CORPUS_CATALOG"	"semantic-sdk:lua:method:AvatarOrEntity:SetPosition; confidence=OBSERVED_VARIABLE_OR_OPEN; status=CATALOG_ONLY; evidence=; receiver of SetPosition"	"UNIQUE_METHOD_NAME"	"lua:method:AvatarOrEntity:SetPosition"	"OBSERVED_VARIABLE_OR_OPEN"	"CATALOG_ONLY"	"OBSERVED_MISMATCH"	"12784"	"20"	"(frame_75[151]):SetPosition(frame_75[155], 0)"
"SetPosition"	"OUTSIDE_OBSERVED_EXACT_SET"	"Lotus_Interface_LoadOutRedux"	"75"	"115"	"method"	"SetPosition"	"2"	"false"	"160"	"AvatarOrEntity"	"CORPUS_CATALOG"	"semantic-sdk:lua:method:AvatarOrEntity:SetPosition; confidence=OBSERVED_VARIABLE_OR_OPEN; status=CATALOG_ONLY; evidence=; receiver of SetPosition"	"UNIQUE_METHOD_NAME"	"lua:method:AvatarOrEntity:SetPosition"	"OBSERVED_VARIABLE_OR_OPEN"	"CATALOG_ONLY"	"OBSERVED_MISMATCH"	"12789"	"20"	"(frame_75[160]):SetPosition(frame_75[161], frame_75[162])"
"SetPosition"	"OUTSIDE_OBSERVED_EXACT_SET"	"Lotus_Interface_LoadOutRedux"	"75"	"121"	"method"	"SetPosition"	"2"	"false"	"166"	"AvatarOrEntity"	"CORPUS_CATALOG"	"semantic-sdk:lua:method:AvatarOrEntity:SetPosition; confidence=OBSERVED_VARIABLE_OR_OPEN; status=CATALOG_ONLY; evidence=; receiver of SetPosition"	"UNIQUE_METHOD_NAME"	"lua:method:AvatarOrEntity:SetPosition"	"OBSERVED_VARIABLE_OR_OPEN"	"CATALOG_ONLY"	"OBSERVED_MISMATCH"	"12794"	"20"	"(frame_75[166]):SetPosition(frame_75[167], frame_75[168])"
"SetPosition"	"OUTSIDE_OBSERVED_EXACT_SET"	"Lotus_Interface_LoadOutRedux"	"75"	"138"	"method"	"SetPosition"	"2"	"false"	"182"	"AvatarOrEntity"	"CORPUS_CATALOG"	"semantic-sdk:lua:method:AvatarOrEntity:SetPosition; confidence=OBSERVED_VARIABLE_OR_OPEN; status=CATALOG_ONLY; evidence=; receiver of SetPosition"	"UNIQUE_METHOD_NAME"	"lua:method:AvatarOrEntity:SetPosition"	"OBSERVED_VARIABLE_OR_OPEN"	"CATALOG_ONLY"	"OBSERVED_MISMATCH"	"12808"	"20"	"(frame_75[182]):SetPosition(frame_75[185], frame_75[186])"
"SetPosition"	"OUTSIDE_OBSERVED_EXACT_SET"	"Lotus_Interface_LoadOutRedux"	"75"	"144"	"method"	"SetPosition"	"2"	"false"	"14"	"AvatarOrEntity"	"CORPUS_CATALOG"	"semantic-sdk:lua:method:AvatarOrEntity:GetPosition; confidence=OBSERVED_STABLE_ARGS; status=CATALOG_ONLY; evidence=; receiver of GetPosition"	"RECEIVER_TYPE"	"lua:method:AvatarOrEntity:SetPosition"	"OBSERVED_VARIABLE_OR_OPEN"	"CATALOG_ONLY"	"OBSERVED_MISMATCH"	"12811"	"20"	"(frame_75[14]):SetPosition(frame_75[192], -54)"
"SetPosition"	"OUTSIDE_OBSERVED_EXACT_SET"	"Lotus_Interface_LoadOutRedux"	"77"	"313"	"method"	"SetPosition"	"2"	"false"	"415"	"AvatarOrEntity"	"CORPUS_CATALOG"	"semantic-sdk:lua:method:AvatarOrEntity:SetPosition; confidence=OBSERVED_VARIABLE_OR_OPEN; status=CATALOG_ONLY; evidence=; receiver of SetPosition"	"UNIQUE_METHOD_NAME"	"lua:method:AvatarOrEntity:SetPosition"	"OBSERVED_VARIABLE_OR_OPEN"	"CATALOG_ONLY"	"OBSERVED_MISMATCH"	"13263"	"16"	"(frame_77[415]):SetPosition(frame_77[419], frame_77[420])"
"SetPosition"	"OUTSIDE_OBSERVED_EXACT_SET"	"Lotus_Interface_LoadOutRedux"	"77"	"323"	"method"	"SetPosition"	"2"	"false"	"28"	"AvatarOrEntity"	"CORPUS_CATALOG"	"semantic-sdk:lua:method:AvatarOrEntity:SetPosition; confidence=OBSERVED_VARIABLE_OR_OPEN; status=CATALOG_ONLY; evidence=; receiver of SetPosition"	"UNIQUE_METHOD_NAME"	"lua:method:AvatarOrEntity:SetPosition"	"OBSERVED_VARIABLE_OR_OPEN"	"CATALOG_ONLY"	"OBSERVED_MISMATCH"	"13270"	"16"	"(frame_77[28]):SetPosition(frame_77[429], frame_77[430])"
"SetPosition"	"OUTSIDE_OBSERVED_EXACT_SET"	"Lotus_Interface_LoadOutRedux"	"77"	"329"	"method"	"SetPosition"	"2"	"false"	"434"	"AvatarOrEntity"	"CORPUS_CATALOG"	"semantic-sdk:lua:method:AvatarOrEntity:SetPosition; confidence=OBSERVED_VARIABLE_OR_OPEN; status=CATALOG_ONLY; evidence=; receiver of SetPosition"	"UNIQUE_METHOD_NAME"	"lua:method:AvatarOrEntity:SetPosition"	"OBSERVED_VARIABLE_OR_OPEN"	"CATALOG_ONLY"	"OBSERVED_MISMATCH"	"13274"	"16"	"(frame_77[434]):SetPosition(frame_77[435], 0)"
"SetPosition"	"OUTSIDE_OBSERVED_EXACT_SET"	"Lotus_Interface_LoadOutRedux"	"77"	"336"	"method"	"SetPosition"	"2"	"false"	"440"	"AvatarOrEntity"	"CORPUS_CATALOG"	"semantic-sdk:lua:method:AvatarOrEntity:SetPosition; confidence=OBSERVED_VARIABLE_OR_OPEN; status=CATALOG_ONLY; evidence=; receiver of SetPosition"	"UNIQUE_METHOD_NAME"	"lua:method:AvatarOrEntity:SetPosition"	"OBSERVED_VARIABLE_OR_OPEN"	"CATALOG_ONLY"	"OBSERVED_MISMATCH"	"13280"	"16"	"(frame_77[440]):SetPosition(frame_77[442], frame_77[443])"
"SetPosition"	"OUTSIDE_OBSERVED_EXACT_SET"	"Lotus_Interface_LoadOutRedux"	"77"	"343"	"method"	"SetPosition"	"2"	"false"	"447"	"AvatarOrEntity"	"CORPUS_CATALOG"	"semantic-sdk:lua:method:AvatarOrEntity:SetPosition; confidence=OBSERVED_VARIABLE_OR_OPEN; status=CATALOG_ONLY; evidence=; receiver of SetPosition"	"UNIQUE_METHOD_NAME"	"lua:method:AvatarOrEntity:SetPosition"	"OBSERVED_VARIABLE_OR_OPEN"	"CATALOG_ONLY"	"OBSERVED_MISMATCH"	"13286"	"16"	"(frame_77[447]):SetPosition(frame_77[449], frame_77[450])"
"SetPosition"	"OUTSIDE_OBSERVED_EXACT_SET"	"Lotus_Interface_LoadOutRedux"	"77"	"354"	"method"	"SetPosition"	"2"	"false"	"459"	"AvatarOrEntity"	"CORPUS_CATALOG"	"semantic-sdk:lua:method:AvatarOrEntity:SetPosition; confidence=OBSERVED_VARIABLE_OR_OPEN; status=CATALOG_ONLY; evidence=; receiver of SetPosition"	"UNIQUE_METHOD_NAME"	"lua:method:AvatarOrEntity:SetPosition"	"OBSERVED_VARIABLE_OR_OPEN"	"CATALOG_ONLY"	"OBSERVED_MISMATCH"	"13295"	"16"	"(frame_77[459]):SetPosition(frame_77[461], frame_77[462])"
"SetPosition"	"OUTSIDE_OBSERVED_EXACT_SET"	"Lotus_Interface_LoadOutRedux"	"84"	"33"	"method"	"SetPosition"	"2"	"false"	"14"	"AvatarOrEntity"	"CORPUS_CATALOG"	"semantic-sdk:lua:method:AvatarOrEntity:SetPosition; confidence=OBSERVED_VARIABLE_OR_OPEN; status=CATALOG_ONLY; evidence=; receiver of SetPosition"	"UNIQUE_METHOD_NAME"	"lua:method:AvatarOrEntity:SetPosition"	"OBSERVED_VARIABLE_OR_OPEN"	"CATALOG_ONLY"	"OBSERVED_MISMATCH"	"14070"	"29"	"avatarOrEntity2:SetPosition(xValue, v84_32)"
"SetPosition"	"OUTSIDE_OBSERVED_EXACT_SET"	"Lotus_Interface_LoadOutRedux"	"84"	"55"	"method"	"SetPosition"	"2"	"false"	"46"	"AvatarOrEntity"	"CORPUS_CATALOG"	"semantic-sdk:lua:method:AvatarOrEntity:SetPosition; confidence=OBSERVED_VARIABLE_OR_OPEN; status=CATALOG_ONLY; evidence=; receiver of SetPosition"	"UNIQUE_METHOD_NAME"	"lua:method:AvatarOrEntity:SetPosition"	"OBSERVED_VARIABLE_OR_OPEN"	"CATALOG_ONLY"	"OBSERVED_MISMATCH"	"14086"	"25"	"avatarOrEntity3:SetPosition(origXValue, yValue2)"
"SetPosition"	"OUTSIDE_OBSERVED_EXACT_SET"	"Lotus_Interface_LoadOutRedux"	"85"	"32"	"method"	"SetPosition"	"2"	"false"	"17"	"AvatarOrEntity"	"CORPUS_CATALOG"	"semantic-sdk:lua:method:AvatarOrEntity:SetPosition; confidence=OBSERVED_VARIABLE_OR_OPEN; status=CATALOG_ONLY; evidence=; receiver of SetPosition"	"UNIQUE_METHOD_NAME"	"lua:method:AvatarOrEntity:SetPosition"	"OBSERVED_VARIABLE_OR_OPEN"	"CATALOG_ONLY"	"OBSERVED_MISMATCH"	"14207"	"33"	"avatarOrEntity:SetPosition(origXValue, yValue)"
"SetPosition"	"OUTSIDE_OBSERVED_EXACT_SET"	"Lotus_Interface_LoadOutRedux"	"323"	"92"	"method"	"SetPosition"	"2"	"false"	"72"	"AvatarOrEntity"	"CORPUS_CATALOG"	"semantic-sdk:lua:method:AvatarOrEntity:SetPosition; confidence=OBSERVED_VARIABLE_OR_OPEN; status=CATALOG_ONLY; evidence=; receiver of SetPosition"	"UNIQUE_METHOD_NAME"	"lua:method:AvatarOrEntity:SetPosition"	"OBSERVED_VARIABLE_OR_OPEN"	"CATALOG_ONLY"	"OBSERVED_MISMATCH"	"58471"	"20"	"(frame_323[72]):SetPosition(91, -5.5)"
"SetPosition"	"OUTSIDE_OBSERVED_EXACT_SET"	"Lotus_Interface_LoadOutRedux"	"323"	"1159"	"method"	"SetPosition"	"2"	"false"	"1018"	"AvatarOrEntity"	"CORPUS_CATALOG"	"semantic-sdk:lua:method:AvatarOrEntity:SetPosition; confidence=OBSERVED_VARIABLE_OR_OPEN; status=CATALOG_ONLY; evidence=; receiver of SetPosition"	"UNIQUE_METHOD_NAME"	"lua:method:AvatarOrEntity:SetPosition"	"OBSERVED_VARIABLE_OR_OPEN"	"CATALOG_ONLY"	"OBSERVED_MISMATCH"	"60193"	"20"	"(frame_323[1018]):SetPosition(-19, 1)"
"SetPosition"	"OUTSIDE_OBSERVED_EXACT_SET"	"Lotus_Interface_LoadOutRedux"	"571"	"20"	"method"	"SetPosition"	"2"	"false"	"8"	"AvatarOrEntity"	"CORPUS_CATALOG"	"semantic-sdk:lua:method:AvatarOrEntity:SetPosition; confidence=OBSERVED_VARIABLE_OR_OPEN; status=CATALOG_ONLY; evidence=; receiver of SetPosition"	"UNIQUE_METHOD_NAME"	"lua:method:AvatarOrEntity:SetPosition"	"OBSERVED_VARIABLE_OR_OPEN"	"CATALOG_ONLY"	"OBSERVED_MISMATCH"	"87916"	"16"	"(frame_571[8]):SetPosition(frame_571[10], frame_571[16])"
"SetPosition"	"OUTSIDE_OBSERVED_EXACT_SET"	"Lotus_Interface_LoadOutRedux"	"571"	"98"	"method"	"SetPosition"	"2"	"false"	"80"	"AvatarOrEntity"	"CORPUS_CATALOG"	"semantic-sdk:lua:method:AvatarOrEntity:SetPosition; confidence=OBSERVED_VARIABLE_OR_OPEN; status=CATALOG_ONLY; evidence=; receiver of SetPosition"	"UNIQUE_METHOD_NAME"	"lua:method:AvatarOrEntity:SetPosition"	"OBSERVED_VARIABLE_OR_OPEN"	"CATALOG_ONLY"	"OBSERVED_MISMATCH"	"88015"	"28"	"(frame_571[80]):SetPosition(frame_571[87], frame_571[88])"
"SetPosition"	"OUTSIDE_OBSERVED_EXACT_SET"	"Lotus_Interface_LoadOutRedux"	"571"	"163"	"method"	"SetPosition"	"2"	"false"	"140"	"AvatarOrEntity"	"CORPUS_CATALOG"	"semantic-sdk:lua:method:AvatarOrEntity:SetPosition; confidence=OBSERVED_VARIABLE_OR_OPEN; status=CATALOG_ONLY; evidence=; receiver of SetPosition"	"UNIQUE_METHOD_NAME"	"lua:method:AvatarOrEntity:SetPosition"	"OBSERVED_VARIABLE_OR_OPEN"	"CATALOG_ONLY"	"OBSERVED_MISMATCH"	"88098"	"16"	"(frame_571[140]):SetPosition(frame_571[142], frame_571[144])"
"SetPosition"	"OUTSIDE_OBSERVED_EXACT_SET"	"Lotus_Interface_LoadOutRedux"	"571"	"171"	"method"	"SetPosition"	"2"	"false"	"148"	"AvatarOrEntity"	"CORPUS_CATALOG"	"semantic-sdk:lua:method:AvatarOrEntity:SetPosition; confidence=OBSERVED_VARIABLE_OR_OPEN; status=CATALOG_ONLY; evidence=; receiver of SetPosition"	"UNIQUE_METHOD_NAME"	"lua:method:AvatarOrEntity:SetPosition"	"OBSERVED_VARIABLE_OR_OPEN"	"CATALOG_ONLY"	"OBSERVED_MISMATCH"	"88105"	"16"	"(frame_571[148]):SetPosition(frame_571[150], frame_571[152])"
"SetPosition"	"OUTSIDE_OBSERVED_EXACT_SET"	"Lotus_Interface_LoadOutRedux"	"571"	"190"	"method"	"SetPosition"	"2"	"false"	"166"	"AvatarOrEntity"	"CORPUS_CATALOG"	"semantic-sdk:lua:method:AvatarOrEntity:SetPosition; confidence=OBSERVED_VARIABLE_OR_OPEN; status=CATALOG_ONLY; evidence=; receiver of SetPosition"	"UNIQUE_METHOD_NAME"	"lua:method:AvatarOrEntity:SetPosition"	"OBSERVED_VARIABLE_OR_OPEN"	"CATALOG_ONLY"	"OBSERVED_MISMATCH"	"88120"	"16"	"(frame_571[166]):SetPosition(frame_571[168], frame_571[170])"
"SetPosition"	"OUTSIDE_OBSERVED_EXACT_SET"	"Lotus_Interface_LoadOutRedux"	"571"	"198"	"method"	"SetPosition"	"2"	"false"	"174"	"AvatarOrEntity"	"CORPUS_CATALOG"	"semantic-sdk:lua:method:AvatarOrEntity:SetPosition; confidence=OBSERVED_VARIABLE_OR_OPEN; status=CATALOG_ONLY; evidence=; receiver of SetPosition"	"UNIQUE_METHOD_NAME"	"lua:method:AvatarOrEntity:SetPosition"	"OBSERVED_VARIABLE_OR_OPEN"	"CATALOG_ONLY"	"OBSERVED_MISMATCH"	"88127"	"16"	"(frame_571[174]):SetPosition(frame_571[176], frame_571[178])"
"SetPosition"	"OUTSIDE_OBSERVED_EXACT_SET"	"Lotus_Interface_LoadOutRedux"	"571"	"259"	"method"	"SetPosition"	"2"	"false"	"213"	"AvatarOrEntity"	"CORPUS_CATALOG"	"semantic-sdk:lua:method:AvatarOrEntity:SetPosition; confidence=OBSERVED_VARIABLE_OR_OPEN; status=CATALOG_ONLY; evidence=; receiver of SetPosition"	"UNIQUE_METHOD_NAME"	"lua:method:AvatarOrEntity:SetPosition"	"OBSERVED_VARIABLE_OR_OPEN"	"CATALOG_ONLY"	"OBSERVED_MISMATCH"	"88207"	"16"	"(frame_571[213]):SetPosition(frame_571[220], frame_571[226])"
"SetPosition"	"OPEN_ARGUMENTS"	"Lotus_Interface_LotusLoadOut"	"29"	"76"	"method"	"SetPosition"	"-1"	"true"	"0"	"AvatarOrEntity"	"CORPUS_CATALOG"	"semantic-sdk:lua:method:AvatarOrEntity:GetPosition; confidence=OBSERVED_STABLE_ARGS; status=CATALOG_ONLY; evidence=; receiver of GetPosition"	"RECEIVER_TYPE"	"lua:method:AvatarOrEntity:SetPosition"	"OBSERVED_VARIABLE_OR_OPEN"	"CATALOG_ONLY"	"OPEN_ARGUMENTS"	"2341"	"9"	"p29_0:SetPosition(frame_29[61](frame_29[62], frame_29[64], frame_29[65]))"
"SetPosition"	"OPEN_ARGUMENTS"	"Lotus_Interface_LotusLoadOut"	"29"	"163"	"method"	"SetPosition"	"-1"	"true"	"0"	"AvatarOrEntity"	"CORPUS_CATALOG"	"semantic-sdk:lua:method:AvatarOrEntity:GetPosition; confidence=OBSERVED_STABLE_ARGS; status=CATALOG_ONLY; evidence=; receiver of GetPosition"	"RECEIVER_TYPE"	"lua:method:AvatarOrEntity:SetPosition"	"OBSERVED_VARIABLE_OR_OPEN"	"CATALOG_ONLY"	"OPEN_ARGUMENTS"	"2407"	"13"	"p29_0:SetPosition(frame_29[155](frame_29[156], frame_29[159], frame_29[160]))"
"SetPosition"	"OPEN_ARGUMENTS"	"Lotus_Interface_MapRedux"	"228"	"1692"	"method"	"SetPosition"	"-1"	"true"	"1722"	"AvatarOrEntity"	"CORPUS_CATALOG"	"semantic-sdk:lua:method:AvatarOrEntity:SetPosition; confidence=OBSERVED_VARIABLE_OR_OPEN; status=CATALOG_ONLY; evidence=; receiver of SetPosition"	"UNIQUE_METHOD_NAME"	"lua:method:AvatarOrEntity:SetPosition"	"OBSERVED_VARIABLE_OR_OPEN"	"CATALOG_ONLY"	"OPEN_ARGUMENTS"	"35065"	"16"	"(frame_228[1722]):SetPosition(frame_228[1723](frame_228[1725], frame_228[1727], (frame_228[1729]):GetVal()))"
"SetPosition"	"OPEN_ARGUMENTS"	"Lotus_Interface_MapRedux"	"303"	"225"	"method"	"SetPosition"	"-1"	"true"	"190"	"AvatarOrEntity"	"CORPUS_CATALOG"	"semantic-sdk:lua:method:AvatarOrEntity:SetPosition; confidence=OBSERVED_VARIABLE_OR_OPEN; status=CATALOG_ONLY; evidence=; receiver of SetPosition"	"UNIQUE_METHOD_NAME"	"lua:method:AvatarOrEntity:SetPosition"	"OBSERVED_VARIABLE_OR_OPEN"	"CATALOG_ONLY"	"OPEN_ARGUMENTS"	"45139"	"28"	"(frame_303[190]):SetPosition(frame_303[191](frame_303[193], frame_303[195], frame_303[196]))"
"SetPosition"	"OPEN_ARGUMENTS"	"Lotus_Interface_MasteryRankUp"	"27"	"281"	"method"	"SetPosition"	"-1"	"true"	"398"	"AvatarOrEntity"	"CORPUS_CATALOG"	"semantic-sdk:lua:method:AvatarOrEntity:SetPosition; confidence=OBSERVED_VARIABLE_OR_OPEN; status=CATALOG_ONLY; evidence=; receiver of SetPosition"	"UNIQUE_METHOD_NAME"	"lua:method:AvatarOrEntity:SetPosition"	"OBSERVED_VARIABLE_OR_OPEN"	"CATALOG_ONLY"	"OPEN_ARGUMENTS"	"1383"	"12"	"(frame_27[398]):SetPosition(nil, frame_27[401](frame_27[402], 800, 577))"
